"Datotid","Varenummer","Varenavn","Volum","Pris","Literpris","Varetype","Produktutvalg","Butikkategori","Fylde","Friskhet","Garvestoffer","Bitterhet","Sodme","Farge","Lukt","Smak","Passertil01","Passertil02","Passertil03","Land","Distrikt","Underdistrikt","Argang","Rastoff","Metode","Alkohol","Sukker","Syre","Lagringsgrad","Produsent","Grossist","Distributor","Emballasjetype","Korktype","Vareurl"
"2014-12-18T00:20:16","1101","Løiten Linie","0.70","399.90","571.30","Akevitt","Basisutvalget","Butikkategori 3","0","0","0","0","0","","","","","","","Norge","Øvrige","Øvrige","","Poteter, krydder","16 mnd på fat","41.50","5.00","Ukjent","","","Arcus AS","Vectura AS","Engangsflasker av glass","","http://www.vinmonopolet.no/vareutvalg/varedetaljer/sku-1101"
"","1102","Løiten Linie","0.35","239.90","685.40","Akevitt","Basisutvalget","Butikkategori 3","0","0","0","0","0","","","","","","","Norge","Øvrige","Øvrige","","Poteter, krydder","Lagret 16 md. på fat.","41.50","5.00","Ukjent","","","Arcus AS","Vectura AS","Engangsflasker av glass","","http://www.vinmonopolet.no/vareutvalg/varedetaljer/sku-1102"
"","1201","Gilde Non Plus Ultra","0.70","599.90","857.00","Akevitt","Bestillingsutvalget","Uavhengig sortiment","0","0","0","0","0","Middels dyp gyllengul.","Aroma med fint preg av karve, sitrus og blomst over innslag av fat.","Fint preg av karve, sitrus og integrert fat. God fylde og lengde.","","","","Norge","Øvrige","Øvrige","","Poteter, krydder","12 år på fat","41.50","3.00","Ukjent","","","Arcus AS","Vectura AS","Engangsflasker av glass","","http://www.vinmonopolet.no/vareutvalg/varedetaljer/sku-1201"
"","1301","Aalborg Taffel Akvavit","0.70","329.90","471.30","Akevitt","Bestillingsutvalget","Uavhengig sortiment","0","0","0","0","0","","","","","","","Danmark","Øvrige","","","","","45.00","Ukjent","Ukjent","","V&S Dist.","Arcus AS","Vectura AS","Engangsflasker av glass","","http://www.vinmonopolet.no/vareutvalg/varedetaljer/sku-1301"
"","1302","Aalborg Taffel Akvavit","0.35","219.90","628.30","Akevitt","Bestillingsutvalget","Uavhengig sortiment","0","0","0","0","0","","","","","","","Danmark","Øvrige","","","","","45.00","Ukjent","Ukjent","","V&S Dist.","Arcus AS","Vectura AS","Engangsflasker av glass","","http://www.vinmonopolet.no/vareutvalg/varedetaljer/sku-1302"
"","1502","Løiten Export","0.50","274.90","549.80","Akevitt","Basisutvalget","Butikkategori 3","0","0","0","0","0","","","","","","","Norge","Øvrige","Øvrige","","Poteter, krydder","3-6 mnd på fat","40.00","8.00","Ukjent","","","Arcus AS","Vectura AS","PET","","http://www.vinmonopolet.no/vareutvalg/varedetaljer/sku-1502"
"","1801","Bommerlunder","0.70","319.90","457.00","Akevitt","Bestillingsutvalget","Uavhengig sortiment","0","0","0","0","0","Vannklar.","Sitrus, litt krydder og anis.","Ren, tørr, middels fyldig. Sitrus og anis.","","","","Tyskland","Øvrige","Øvrige","","","Original resept siden 1760.Produsert ved destillasjon.Utviklet på eikefat.","38.00","Ukjent","Ukjent","","Berentzen Dist.","Interbev AS","Trebuchet AS","Engangsflasker av glass","","http://www.vinmonopolet.no/vareutvalg/varedetaljer/sku-1801"
"","2001","Graham's Late Bottled Vintage 2008","0.75","199.90","266.50","Portvin","Basisutvalget","Butikkategori 2","9","8","0","0","9","Mørk rød.","Svalt preg av modne mørke bær, tørket frukt, lakris og krydder.","Rik, sødmefull og fint balansert. Fast, litt krydderpreget ettersmak.","Dessert, kake, frukt","","Ost","Portugal","Douro","Øvrige","2008","Touriga Nacional, Touriga Franca, Tinta Roriz, Tinta Barroca, Tinto Cão","Temperaturkontrollert gjæring i ståltanker. 4-5 års fatlagring.","20.00","101.50","4.40","Drikkeklar nå, men kan også lagres","W&J Graham","Stenberg & Blom AS","Cuveco AS","Engangsflasker av glass","Naturkork","http://www.vinmonopolet.no/vareutvalg/varedetaljer/sku-2001"
"","2002","Graham's Late Bottled Vintage 2008","0.38","115.00","306.70","Portvin","Basisutvalget","Butikkategori 6","8","8","0","0","8","Mørk rød.","Svalt preg av modne mørke bær, tørket frukt, lakris og krydder.","Rik, sødmefull og fint balansert. Fast, litt krydderpreget ettersmak.","Dessert, kake, frukt","","Ost","Portugal","Douro","Øvrige","2008","Touriga Nacional, Touriga Franca, Tinta Roriz, Tinta Barroca, Tinto Cão","Temperaturkontrollert gjæring i ståltanker. 4-5 års fatlagring.","20.00","101.50","4.40","Drikkeklar nå, men kan også lagres","W&J Graham","Stenberg & Blom AS","Cuveco AS","Engangsflasker av glass","Naturkork","http://www.vinmonopolet.no/vareutvalg/varedetaljer/sku-2002"
"","2401","Brennevin Seksti","0.70","424.90","607.00","Vodka","Bestillingsutvalget","Uavhengig sortiment","0","0","0","0","0","","","","","","","Norge","Øvrige","Øvrige","","Potetsprit","Destillasjon. Ingen lagring.","60.00","Ukjent","Ukjent","","","Arcus AS","Vectura AS","Engangsflasker av glass","","http://www.vinmonopolet.no/vareutvalg/varedetaljer/sku-2401"
"","3501","Hammer","0.70","309.90","442.70","Vodka","Basisutvalget","Butikkategori 4","0","0","0","0","0","","","","","","","Norge","Øvrige","Øvrige","","Kornprit","Destillasjon. Ingen lagring.","42.70","Ukjent","Ukjent","","","Arcus AS","Vectura AS","Engangsflasker av glass","","http://www.vinmonopolet.no/vareutvalg/varedetaljer/sku-3501"
"","3502","Hammer","0.35","184.90","528.30","Vodka","Basisutvalget","Butikkategori 5","0","0","0","0","0","","","","","","","Norge","Øvrige","Øvrige","","Kornprit","Destillasjon. Ingen lagring.","42.70","Ukjent","Ukjent","","","Arcus AS","Vectura AS","Engangsflasker av glass","","http://www.vinmonopolet.no/vareutvalg/varedetaljer/sku-3502"
"","3801","Finlandia","0.70","304.90","435.60","Vodka","Bestillingsutvalget","Uavhengig sortiment","0","0","0","0","0","","","","","","","Finland","Øvrige","Øvrige","","Korn, Enzymer, Gjær, Vann.","Kornet renses, males, blandes med vann og kokes. Deretter tilsettes gjær for å initiere alkohol-gjæringen. Sukker omdannes til ethy","37.50","Ukjent","Ukjent","","Altia Corp.","Interbev AS","Trebuchet AS","Engangsflasker av glass","","http://www.vinmonopolet.no/vareutvalg/varedetaljer/sku-3801"
"","3803","Finlandia","0.05","59.00","1180.10","Vodka","Bestillingsutvalget","Uavhengig sortiment","0","0","0","0","0","","","","","","","Finland","Øvrige","Øvrige","","Korn, Enzymer, Gjær, Vann.","Kornet renses, males, blandes med vann og kokes. Deretter tilsettes gjær for å initiere alkohol-gjæringen. Sukker omdannes til ethy","40.00","Ukjent","Ukjent","","Altia Corp.","Interbev AS","Trebuchet AS","Engangsflasker av glass","","http://www.vinmonopolet.no/vareutvalg/varedetaljer/sku-3803"
"","3901","Absolut Vodka","0.70","304.90","435.60","Vodka","Basisutvalget","Butikkategori 4","0","0","0","0","0","","","","","","","Sverige","Øvrige","Øvrige","","100% Vinterhvete","Tradisjonell fermentering og destillasjon i kolonneapparat.","40.00","Ukjent","Ukjent","","The Absolut Company","Pernod Ricard Norway AS","SKANLOG VSD AS","Engangsflasker av glass","","http://www.vinmonopolet.no/vareutvalg/varedetaljer/sku-3901"
"","3902","Absolut Vodka","0.35","179.90","514.00","Vodka","Bestillingsutvalget","Uavhengig sortiment","0","0","0","0","0","","","","","","","Sverige","Øvrige","Øvrige","","100% Vinterhvete","Tradisjonell fermentering og destillasjon i kollonneapparat, hvoretter råspriten rektifiseres.Ingen fatlagring. Ingen flaskelagring.","40.00","Ukjent","Ukjent","","The Absolut Company","Pernod Ricard Norway AS","SKANLOG VSD AS","Engangsflasker av glass","","http://www.vinmonopolet.no/vareutvalg/varedetaljer/sku-3902"
"","4401","Hammer Lime","0.70","309.90","442.70","Vodka","Basisutvalget","Butikkategori 6","0","0","0","0","0","","","","","","","Norge","Øvrige","Øvrige","","Kornprit, limearoma","Destillasjon. Ingen lagring.","42.70","Ukjent","Ukjent","","","Arcus AS","Vectura AS","Engangsflasker av glass","","http://www.vinmonopolet.no/vareutvalg/varedetaljer/sku-4401"
"","4801","Absolut Citron","0.70","324.90","464.10","Vodka","Basisutvalget","Butikkategori 2","0","0","0","0","0","","","","","","","Sverige","Øvrige","Øvrige","","100% Vinterhvete","Tradisjonell fermentering og destillasjon, hvoretter råspriten rektifiseres. Finspriten smaksettes med naturlige aromaer fra forskellige sitrusfrukter. Ingen fatlagring. Ingen flaskelagring.","40.00","Ukjent","Ukjent","","The Absolut Company","Pernod Ricard Norway AS","SKANLOG VSD AS","Engangsflasker av glass","","http://www.vinmonopolet.no/vareutvalg/varedetaljer/sku-4801"
"","5201","Bonaparte V.S.O.P.","0.70","429.90","614.10","Druebrennevin","Bestillingsutvalget","Uavhengig sortiment","0","0","0","0","0","","","","","","","Frankrike","Cognac Tradisjonell","Øvrige","","Ugni Blanc 100%","Tradisjonell dobbeltdestillasjon. Lagret minst 4 år på eikefat.","40.00","Ukjent","Ukjent","","","Arcus AS","Vectura AS","Engangsflasker av glass","","http://www.vinmonopolet.no/vareutvalg/varedetaljer/sku-5201"
"","5401","Bache-Gabrielsen 3 kors","0.70","369.90","528.40","Druebrennevin","Bestillingsutvalget","Uavhengig sortiment","0","0","0","0","0","","","","","","","Frankrike","Cognac Tradisjonell","Øvrige","","Ugni Blanc","Tradisjonell dobbeldestillasjon. 3 - 5 års fatlagring.","40.00","Ukjent","Ukjent","","Bache-Gabrielsen","Vectura AS","Vectura AS","Engangsflasker av glass","","http://www.vinmonopolet.no/vareutvalg/varedetaljer/sku-5401"
"","5402","Bache-Gabrielsen 3 kors","0.35","209.90","599.70","Druebrennevin","Bestillingsutvalget","Uavhengig sortiment","0","0","0","0","0","","","","","","","Frankrike","Cognac Tradisjonell","Øvrige","","Ugni Blanc","Tradisjonell dobbeldestillasjon. 3 - 5 års fatlagring.","40.00","Ukjent","Ukjent","","Bache-Gabrielsen","Vectura AS","Vectura AS","Engangsflasker av glass","","http://www.vinmonopolet.no/vareutvalg/varedetaljer/sku-5402"
"","5404","Bache-Gabrielsen 3 kors","0.20","154.90","774.50","Druebrennevin","Bestillingsutvalget","Uavhengig sortiment","0","0","0","0","0","","","","","","","Frankrike","Cognac Tradisjonell","Øvrige","","Ugni Blanc","Tradisjonell dobbeldestillasjon. 3 - 5 års fatlagring.","40.00","Ukjent","Ukjent","","Bache-Gabrielsen","Vectura AS","Vectura AS","Engangsflasker av glass","","http://www.vinmonopolet.no/vareutvalg/varedetaljer/sku-5404"
"","5701","Renault Carte Noire Extra Old","0.70","549.90","785.60","Druebrennevin","Basisutvalget","Butikkategori 6","0","0","0","0","0","","","","","","","Frankrike","Cognac Tradisjonell","","","","Lagret 12 år på eikefat.","40.00","Ukjent","Ukjent","","Renault","Interbev AS","Trebuchet AS","Engangsflasker av glass","","http://www.vinmonopolet.no/vareutvalg/varedetaljer/sku-5701"
"","6201","Baron Otard V.S.O.P. Fine Champagne","0.70","514.90","735.60","Druebrennevin","Basisutvalget","Butikkategori 6","0","0","0","0","0","","","","","","","Frankrike","Cognac Tradisjonell","Øvrige","","Grande og Petit Champagne","Lagret opp til 8 år.","40.00","Ukjent","Ukjent","","Ch. de Cognac","Bacardi Norge AS","Vectura AS","Engangsflasker av glass","Skrukapsel","http://www.vinmonopolet.no/vareutvalg/varedetaljer/sku-6201"
"","6202","Baron Otard V.S.O.P. Fine Champagne","0.35","284.90","814.00","Druebrennevin","Bestillingsutvalget","Uavhengig sortiment","0","0","0","0","0","","","","","","","Frankrike","Cognac Tradisjonell","Øvrige","","Grande og Petit Champagne","Lagret opp til 8 år.","40.00","Ukjent","Ukjent","","Ch. de Cognac","Bacardi Norge AS","Vectura AS","Engangsflasker av glass","Annet","http://www.vinmonopolet.no/vareutvalg/varedetaljer/sku-6202"
"","6301","Hennessy Very Special","0.70","399.90","571.30","Druebrennevin","Basisutvalget","Butikkategori 4","0","0","0","0","0","","","","","","","Frankrike","Cognac Tradisjonell","Øvrige","","Ugni Blanc (fra Petite Champagne, Grande Champagne, Fins Bois og Borderies).","Dobbel destillering. Minimum 36 måneder fatlagring.","40.00","Ukjent","Ukjent","","","Moët Hennessy Norge AS","SKANLOG VSD AS","Engangsflasker av glass","","http://www.vinmonopolet.no/vareutvalg/varedetaljer/sku-6301"
"","6302","Hennessy Very Special","0.35","229.90","656.90","Druebrennevin","Basisutvalget","Butikkategori 6","0","0","0","0","0","","","","","","","Frankrike","Cognac Tradisjonell","Øvrige","","Ugni Blanc (fra Petite Champagne, Grande Champagne, Fins Bois og Borderies).","Dobbel destilleringMin. 36 md fatlagring","40.00","Ukjent","Ukjent","","","Moët Hennessy Norge AS","SKANLOG VSD AS","Engangsflasker av glass","","http://www.vinmonopolet.no/vareutvalg/varedetaljer/sku-6302"
"","6501","Larsen Very Special Vikings'","0.70","389.90","557.00","Druebrennevin","Basisutvalget","Butikkategori 3","0","0","0","0","0","","","","","","","Frankrike","Cognac Tradisjonell","Øvrige","","Ugni Blanc","Tradisjonell produksjon.","40.00","12.00","Ukjent","","Larsen","Interbev AS","Trebuchet AS","Engangsflasker av glass","","http://www.vinmonopolet.no/vareutvalg/varedetaljer/sku-6501"
"","6502","Larsen Very Special Vikings'","0.35","229.90","656.90","Druebrennevin","Bestillingsutvalget","Uavhengig sortiment","0","0","0","0","0","","","","","","","Frankrike","Cognac Tradisjonell","Øvrige","","Ugni Blanc","Tradisjonell produksjon.","40.00","12.00","Ukjent","","Larsen","Interbev AS","Trebuchet AS","Engangsflasker av glass","","http://www.vinmonopolet.no/vareutvalg/varedetaljer/sku-6502"
"","6601","Larsen Viking Ship Fine Champagne","0.70","1049.90","1499.90","Druebrennevin","Bestillingsutvalget","Uavhengig sortiment","0","0","0","0","0","","","","","","","Frankrike","Cognac Tradisjonell","Øvrige","","","Tradisjonell72 md fatlagring.","40.00","12.00","Ukjent","","Larsen","Interbev AS","Trebuchet AS","Engangsflasker av glass","","http://www.vinmonopolet.no/vareutvalg/varedetaljer/sku-6601"
"","6801","Ch. Fontpinot","0.70","799.00","1141.40","Druebrennevin","Bestillingsutvalget","Uavhengig sortiment","0","0","0","0","0","","","","","","","Frankrike","Cognac Brut","Grande Champagne","","Ugni Blanc 100%","","41.00","Ukjent","Ukjent","","Frapin","Nordic Cellars AS","SKANLOG VSD AS","Engangsflasker av glass","","http://www.vinmonopolet.no/vareutvalg/varedetaljer/sku-6801"
"","6901","Hennessy X.O.","0.70","1249.90","1785.60","Druebrennevin","Bestillingsutvalget","Uavhengig sortiment","0","0","0","0","0","","","","","","","Frankrike","Cognac Tradisjonell","Øvrige","","Ugni Blanc 100%","Tradisjonell dobbeltdestillasjon i alambicMin. 6 års fatlagring (enkelte elementer er fatlagret i opptil 100 år)","40.00","5.00","Ukjent","","Hennessy","Moët Hennessy Norge AS","SKANLOG VSD AS","Engangsflasker av glass","","http://www.vinmonopolet.no/vareutvalg/varedetaljer/sku-6901"
"","6902","Hennessy X.O.","0.35","669.90","1914.00","Druebrennevin","Bestillingsutvalget","Uavhengig sortiment","0","0","0","0","0","","","","","","","Frankrike","Cognac Tradisjonell","Øvrige","","Ugni Blanc 100%","Tradisjonell dobbeltdestillasjon i alambicMin. 6 års fatlagring (enkelte elementer er fatlagret i opptil 100 år)","40.00","5.00","Ukjent","","Hennessy","Moët Hennessy Norge AS","SKANLOG VSD AS","Engangsflasker av glass","","http://www.vinmonopolet.no/vareutvalg/varedetaljer/sku-6902"
"","7001","Courvoisier V.S.","0.70","379.90","542.70","Druebrennevin","Basisutvalget","Butikkategori 6","0","0","0","0","0","","","","","","","Frankrike","Cognac Tradisjonell","Øvrige","","99% Ugni Blanc.","5-8 år gammel, hovedsaklig fra fins bois samt noe petite champagne. Tradisjonell produksjon, destillert 2 ganger. Lagret på franske eikefat.","40.00","Ukjent","Ukjent","","Courvoisier","Edrington Norway AS","Vectura AS","Engangsflasker av glass","","http://www.vinmonopolet.no/vareutvalg/varedetaljer/sku-7001"
"","7101","De Luze V.S.","0.70","359.90","514.10","Druebrennevin","Basisutvalget","Butikkategori 1","0","0","0","0","0","","","","","","","Frankrike","Cognac Tradisjonell","Øvrige","","90% Ugni Blanc - Folle Blanche - Colombard.  10% JuranconBlanc-Semillon-Sauvignon-Blanc Rame.","Pot still destillasjon.","40.00","12.60","Ukjent","","De Luze","Engelstad Spirits AS","Cuveco AS","Engangsflasker av glass","","http://www.vinmonopolet.no/vareutvalg/varedetaljer/sku-7101"
"","7102","De Luze V.S.","0.35","199.90","571.20","Druebrennevin","Bestillingsutvalget","Uavhengig sortiment","0","0","0","0","0","","","","","","","Frankrike","Cognac Tradisjonell","Øvrige","","90% Ugni Blanc - Folle Blanche - Colombard.  10% JuranconBlanc-Semillon-Sauvignon-Blanc Rame.","Pot still destillasjon.Min. 30 mnd. lagring på eikefat.","40.00","12.60","Ukjent","","De Luze","Engelstad Spirits AS","Cuveco AS","Engangsflasker av glass","","http://www.vinmonopolet.no/vareutvalg/varedetaljer/sku-7102"
"","7103","De Luze V.S.","0.05","49.90","998.00","Druebrennevin","Bestillingsutvalget","Uavhengig sortiment","0","0","0","0","0","","","","","","","Frankrike","Cognac Tradisjonell","Øvrige","","90% Ugni Blanc - Folle Blanche - Colombard.  10% JuranconBlanc-Semillon-Sauvignon-Blanc Rame.","Pot still destillasjon.Min. 30 mnd. lagring på eikefat.","40.00","12.60","Ukjent","","De Luze","Engelstad Spirits AS","Cuveco AS","Engangsflasker av glass","","http://www.vinmonopolet.no/vareutvalg/varedetaljer/sku-7103"
"","7501","Martell V.S.","0.70","399.90","571.30","Druebrennevin","Basisutvalget","Butikkategori 6","0","0","0","0","0","","","","","","","Frankrike","Cognac Tradisjonell","Øvrige","","Ugni Blanc 100%","Druene presses forsiktig uten at stener og skinn knuses.","40.00","6.00","Ukjent","","Martell","Pernod Ricard Norway AS","SKANLOG VSD AS","Engangsflasker av glass","","http://www.vinmonopolet.no/vareutvalg/varedetaljer/sku-7501"
"","7502","Martell V.S.","0.35","229.00","654.30","Druebrennevin","Bestillingsutvalget","Uavhengig sortiment","0","0","0","0","0","","","","","","","Frankrike","Cognac Tradisjonell","Øvrige","","Ugni Blanc 100%","Druene presses forsiktig uten at stener og skinn knuses. Mosten gjæres i 4-5 dager. Etter dette går vinen gjennom en malolaktisk gjæring før den sendes til destilleriet. Metodene og apparatene som ben","40.00","6.00","Ukjent","","Martell","Pernod Ricard Norway AS","SKANLOG VSD AS","Engangsflasker av glass","","http://www.vinmonopolet.no/vareutvalg/varedetaljer/sku-7502"
"","7701","Rémy Martin V.S.O.P. Fine Champagne","0.70","525.00","750.00","Druebrennevin","Basisutvalget","Butikkategori 6","0","0","0","0","0","","","","","","","Frankrike","Cognac Tradisjonell","Øvrige","","Ugni Blanc, Folle Blanche og Colombard.","","40.00","10.00","Ukjent","","Rémy Martin","Robert Prizelius AS","Vectura AS","Engangsflasker av glass","","http://www.vinmonopolet.no/vareutvalg/varedetaljer/sku-7701"
"","7901","Hennessy V.S.O.P.","0.70","514.90","735.60","Druebrennevin","Bestillingsutvalget","Uavhengig sortiment","0","0","0","0","0","","","","","","","Frankrike","Cognac Tradisjonell","Øvrige","","Ugni Blanc 100%","Grunnvinen presses pneumatisk og klares før gjæringsprosessen,","40.00","4.90","Ukjent","","Hennessy","Moët Hennessy Norge AS","SKANLOG VSD AS","Engangsflasker av glass","","http://www.vinmonopolet.no/vareutvalg/varedetaljer/sku-7901"
"","8001","Martell Medaillon V.S.O.P.","0.70","495.00","707.10","Druebrennevin","Bestillingsutvalget","Uavhengig sortiment","0","0","0","0","0","","","","","","","Frankrike","Cognac Tradisjonell","Øvrige","","Ugni Blanc 100%","Druene presses forsiktig uten at stener og stilker knuses. Mosten gjæres naturlig i fire-fem dager. Etter dette går vinen gjennom","40.00","5.50","Ukjent","","","Pernod Ricard Norway AS","SKANLOG VSD AS","Engangsflasker av glass","","http://www.vinmonopolet.no/vareutvalg/varedetaljer/sku-8001"
"","8801","Martell Cordon Bleu","0.70","924.00","1320.00","Druebrennevin","Bestillingsutvalget","Uavhengig sortiment","0","0","0","0","0","","","","","","","Frankrike","Cognac Tradisjonell","Øvrige","","100% Ugni Blanc","Tradisjonell dobbeltdestillasjon i alambic30-35 års lagring i fat (340 ltr) fra Troncais","40.00","8.00","Ukjent","","Martell","Pernod Ricard Norway AS","SKANLOG VSD AS","Engangsflasker av glass","","http://www.vinmonopolet.no/vareutvalg/varedetaljer/sku-8801"
"","10701","Metaxa *****","0.70","355.00","507.10","Druebrennevin","Bestillingsutvalget","Uavhengig sortiment","0","0","0","0","0","","","","","","","Hellas","Øvrige","Øvrige","","Druer.","","38.00","Ukjent","Ukjent","","","Robert Prizelius AS","Vectura AS","Engangsflasker av glass","","http://www.vinmonopolet.no/vareutvalg/varedetaljer/sku-10701"
"","12001","Bell's Original","0.70","329.90","471.30","Whisky","Basisutvalget","Butikkategori 6","0","0","0","0","0","","","","","","","Skottland","Øvrige","Øvrige","","","","40.00","0.20","Ukjent","","Bell's Dist.","Diageo Norway AS","SKANLOG VSD AS","Engangsflasker av glass","","http://www.vinmonopolet.no/vareutvalg/varedetaljer/sku-12001"
"","12002","Bell's Original","0.35","181.90","519.70","Whisky","Basisutvalget","Butikkategori 5","0","0","0","0","0","","","","","","","Skottland","Øvrige","Øvrige","","","","40.00","0.20","Ukjent","","Bell's Dist.","Diageo Norway AS","SKANLOG VSD AS","Engangsflasker av glass","","http://www.vinmonopolet.no/vareutvalg/varedetaljer/sku-12002"
"","12101","Peter Dawson Special","0.70","299.90","428.40","Whisky","Basisutvalget","Butikkategori 3","0","0","0","0","0","","","","","","","Skottland","Øvrige","Øvrige","","","","40.00","0.10","Ukjent","","","Diageo Norway AS","SKANLOG VSD AS","Engangsflasker av glass","","http://www.vinmonopolet.no/vareutvalg/varedetaljer/sku-12101"
"","12102","Peter Dawson Special","0.35","164.90","471.20","Whisky","Basisutvalget","Butikkategori 3","0","0","0","0","0","","","","","","","Skottland","Øvrige","Øvrige","","","","40.00","0.10","Ukjent","","","Diageo Norway AS","SKANLOG VSD AS","Engangsflasker av glass","","http://www.vinmonopolet.no/vareutvalg/varedetaljer/sku-12102"
"","12201","Inverness Cream","0.70","299.90","428.40","Whisky","Basisutvalget","Butikkategori 4","0","0","0","0","0","","","","","","","Skottland","Øvrige","Øvrige","","Bygg, Mais, Vann, Gjær.","Lagret 3 år på eikefat.","40.00","Ukjent","Ukjent","","","Interbrands Norway AS","Cuveco AS","Engangsflasker av glass","","http://www.vinmonopolet.no/vareutvalg/varedetaljer/sku-12201"
"","12202","Inverness Cream","0.35","164.90","471.10","Whisky","Basisutvalget","Butikkategori 5","0","0","0","0","0","","","","","","","Skottland","Øvrige","Øvrige","","Bygg, Mais, Vann, Gjær.","Lagret 3 år på eikefat.","40.00","Ukjent","Ukjent","","","Interbrands Norway AS","Cuveco AS","Engangsflasker av glass","","http://www.vinmonopolet.no/vareutvalg/varedetaljer/sku-12202"
"","12401","The Famous Grouse","0.70","359.90","514.10","Whisky","Basisutvalget","Butikkategori 5","0","0","0","0","0","","","","","","","Skottland","Øvrige","Øvrige","","Korn.","Destillert sprit. Lagret mer enn 60 måneder på eikefat.","40.00","Ukjent","Ukjent","","Highland Dist.","Edrington Norway AS","Vectura AS","Engangsflasker av glass","","http://www.vinmonopolet.no/vareutvalg/varedetaljer/sku-12401"
"","12402","The Famous Grouse","0.35","199.90","571.10","Whisky","Bestillingsutvalget","Uavhengig sortiment","0","0","0","0","0","","","","","","","Skottland","Øvrige","Øvrige","","Korn.","Destillert sprit.Mer enn 60 mnd. på eikefat.","40.00","Ukjent","Ukjent","","Highland Dist.","Edrington Norway AS","Vectura AS","Engangsflasker av glass","","http://www.vinmonopolet.no/vareutvalg/varedetaljer/sku-12402"
"","12403","The Famous Grouse","0.05","47.90","958.00","Whisky","Basisutvalget","Butikkategori 5","0","0","0","0","0","","","","","","","Skottland","Øvrige","Øvrige","","Korn.","Destillert sprit.Mer enn 60 mnd. på eikefat.","40.00","Ukjent","Ukjent","","Highland Dist.","Edrington Norway AS","Vectura AS","Engangsflasker av glass","","http://www.vinmonopolet.no/vareutvalg/varedetaljer/sku-12403"
"","12701","Highland Park Single Malt 12 Years Old","0.70","499.90","714.10","Whisky","Basisutvalget","Butikkategori 3","0","0","0","0","0","","","","","","","Skottland","Orkney Island","Øvrige","","Korn.","Destillert sprit. Lagret mer enn 150 måneder på eikefat.","40.00","Ukjent","Ukjent","","Highland Dist.","Edrington Norway AS","Vectura AS","Engangsflasker av glass","","http://www.vinmonopolet.no/vareutvalg/varedetaljer/sku-12701"
"","12901","The Glenlivet Single Malt 12 Years Old","0.70","449.50","642.10","Whisky","Basisutvalget","Butikkategori 3","0","0","0","0","0","","","","","","","Skottland","Speyside","Øvrige","","100% maltet bygg.","Destilleres to ganger i tradisjonelle pot stills nøyaktig som for 150 år siden. 144 måneder lagring på eikefat.","40.00","Ukjent","Ukjent","","Chivas Brothers","Pernod Ricard Norway AS","SKANLOG VSD AS","Engangsflasker av glass","","http://www.vinmonopolet.no/vareutvalg/varedetaljer/sku-12901"
"","13601","Ballantine's Finest","0.70","354.90","507.00","Whisky","Basisutvalget","Butikkategori 4","0","0","0","0","0","","","","","","","Skottland","Øvrige","Øvrige","","Grain, malt.","En blanding av over 40 ulike malt whisky's og 5-6 ulike grains whiskys. Destillert to ganger. Lagret 6-8 år på fat.","40.00","Ukjent","Ukjent","","Chivas Brothers","Pernod Ricard Norway AS","SKANLOG VSD AS","Engangsflasker av glass","","http://www.vinmonopolet.no/vareutvalg/varedetaljer/sku-13601"
"","13602","Ballantine's Finest","0.35","204.90","585.40","Whisky","Bestillingsutvalget","Uavhengig sortiment","0","0","0","0","0","","","","","","","Skottland","Øvrige","Øvrige","","Grain, malt.","En blanding av over 40 ulike malt whiskys og 5-6 ulike grains whiskys. Destillert to ganger. Lagret 6-8 år på fat.","40.00","Ukjent","Ukjent","","Chivas Brothers","Pernod Ricard Norway AS","SKANLOG VSD AS","Engangsflasker av glass","","http://www.vinmonopolet.no/vareutvalg/varedetaljer/sku-13602"
"","13901","Cutty Sark","0.70","319.90","457.00","Whisky","Bestillingsutvalget","Uavhengig sortiment","0","0","0","0","0","Middels dyp gyllen.","Korn og litt vanilje.","Lett. Korn- og maltpreg.","","","","Skottland","Øvrige","Øvrige","","Bygg","Tradisjonell fremstilling i pot stills og kolonneapparater, maltwhisky- andelen kommer hovedsakelig fra Speyside. Lagringen har foregått i amerikanske eikefat og tidligere brukte sherry-fat fra oloros","40.00","Ukjent","Ukjent","","Berry Bros. & Rudd","Edrington Norway AS","Vectura AS","Engangsflasker av glass","","http://www.vinmonopolet.no/vareutvalg/varedetaljer/sku-13901"
"","14201","Grant's Family Reserve","0.70","349.90","499.90","Whisky","Basisutvalget","Butikkategori 5","0","0","0","0","0","","","","","","","Skottland","Speyside","Øvrige","","Maltwhisky og grain whisky.","Forskjellige maltwhiskyer blandes med grain whisky for å oppnå den ønskede smak. Min. 36 md. på eikefat.","40.00","Ukjent","Ukjent","","William Grant & Sons","Robert Prizelius AS","Vectura AS","Engangsflasker av glass","","http://www.vinmonopolet.no/vareutvalg/varedetaljer/sku-14201"
"","14401","Frangelico","0.70","224.50","320.70","Likør under 22 %","Bestillingsutvalget","Uavhengig sortiment","0","0","0","0","0","","","","","","","Italia","Øvrige","Øvrige","","Nøytralt brennevin, hasselnøttekstrakt.","Opplysninger er ikke gitt av produsent/leverandør.Opplysninger er ikke gitt av produsent/leverandør.","20.00","Ukjent","Ukjent","","Giorgio Barbero","Robert Prizelius AS","Vectura AS","Engangsflasker av glass","","http://www.vinmonopolet.no/vareutvalg/varedetaljer/sku-14401"
"","14501","Johnnie Walker Red Label","0.70","349.90","499.90","Whisky","Bestillingsutvalget","Uavhengig sortiment","0","0","0","0","0","","","","","","","Skottland","Øvrige","Øvrige","","","","40.00","0.20","Ukjent","","United Dist.","Diageo Norway AS","SKANLOG VSD AS","Engangsflasker av glass","","http://www.vinmonopolet.no/vareutvalg/varedetaljer/sku-14501"
"","14601","Jack Daniel's Tennessee","0.70","389.90","557.00","Whisky","Basisutvalget","Butikkategori 1","0","0","0","0","0","","","","","","","USA","Tennessee","Øvrige","","Mais, Rug, Bygg.","","40.00","Ukjent","Ukjent","","Brown-Forman","Interbev AS","Trebuchet AS","Engangsflasker av glass","","http://www.vinmonopolet.no/vareutvalg/varedetaljer/sku-14601"
"","14602","Jack Daniel's Tennessee","0.35","223.90","639.70","Whisky","Basisutvalget","Butikkategori 6","0","0","0","0","0","","","","","","","USA","Tennessee","Øvrige","","Mais, Rug, Bygg.","","40.00","Ukjent","Ukjent","","Brown-Forman","Interbev AS","Trebuchet AS","Engangsflasker av glass","","http://www.vinmonopolet.no/vareutvalg/varedetaljer/sku-14602"
"","14607","Jack Daniel's Tennessee","3.00","1619.90","540.00","Whisky","Bestillingsutvalget","Uavhengig sortiment","0","0","0","0","0","","","","","","","USA","Tennessee","Øvrige","","Mais, Rug, Bygg.","","40.00","Ukjent","Ukjent","","Brown-Forman","Interbev AS","Trebuchet AS","Engangsflasker av glass","","http://www.vinmonopolet.no/vareutvalg/varedetaljer/sku-14607"
"","14701","Long John","0.70","335.00","478.60","Whisky","Bestillingsutvalget","Uavhengig sortiment","0","0","0","0","0","","","","","","","Skottland","Øvrige","Øvrige","","Bygg, mais","TradisjonelleMin. 3 år fatlgring","40.00","Ukjent","Ukjent","","Chivas Brothers","Pernod Ricard Norway AS","SKANLOG VSD AS","Engangsflasker av glass","","http://www.vinmonopolet.no/vareutvalg/varedetaljer/sku-14701"
"","15001","Teacher's Highland Cream","0.70","325.00","464.30","Whisky","Basisutvalget","Butikkategori 6","0","0","0","0","0","","","","","","","Skottland","Øvrige","Øvrige","","Grain, malt.","En blanding av over 30 ulike malt whisky's og 5-6 ulike grain whisky's. Destillert to ganger. Lagret 6-8 år på fat.","40.00","Ukjent","Ukjent","","","Edrington Norway AS","Vectura AS","Engangsflasker av glass","","http://www.vinmonopolet.no/vareutvalg/varedetaljer/sku-15001"
"","15301","J & B Rare","0.70","329.90","471.30","Whisky","Basisutvalget","Butikkategori 6","0","0","0","0","0","","","","","","","Skottland","Øvrige","","","","","40.00","Ukjent","Ukjent","","","Diageo Norway AS","SKANLOG VSD AS","Engangsflasker av glass","","http://www.vinmonopolet.no/vareutvalg/varedetaljer/sku-15301"
"","15901","Johnnie Walker Black Label","0.70","439.90","628.40","Whisky","Basisutvalget","Butikkategori 6","0","0","0","0","0","","","","","","","Skottland","Øvrige","Øvrige","","","","40.00","0.30","Ukjent","","","Diageo Norway AS","SKANLOG VSD AS","Engangsflasker av glass","","http://www.vinmonopolet.no/vareutvalg/varedetaljer/sku-15901"
"","16101","Chivas Regal 12 Years Old","0.70","464.00","662.90","Whisky","Basisutvalget","Butikkategori 5","0","0","0","0","0","","","","","","","Skottland","Øvrige","Øvrige","","Malt og grainwhisky","Tradisjonell produksjon. 144 md. lagring på eikefat.","40.00","Ukjent","Ukjent","","Chivas Brothers","Pernod Ricard Norway AS","SKANLOG VSD AS","Engangsflasker av glass","","http://www.vinmonopolet.no/vareutvalg/varedetaljer/sku-16101"
"","16201","Jameson","0.70","369.90","528.40","Whisky","Bestillingsutvalget","Uavhengig sortiment","0","0","0","0","0","","","","","","","Irland","Øvrige","Øvrige","","Bygg.","Destillert tre ganger for å oppnå så ren og mild smak som mulig. Under maltingen blir bygget tørket i lukkede rom (Kiln) som holder den torvpregede røyken borte.","40.00","Ukjent","Ukjent","","Irish Dist.","Pernod Ricard Norway AS","SKANLOG VSD AS","Engangsflasker av glass","","http://www.vinmonopolet.no/vareutvalg/varedetaljer/sku-16201"
"","16202","Jameson","0.35","199.90","571.20","Whisky","Bestillingsutvalget","Uavhengig sortiment","0","0","0","0","0","","","","","","","Irland","Øvrige","Øvrige","","Bygg.","Destillert tre ganger for å oppnå så ren og mild smak som mulig. Under maltingen blir bygget tørket i lukkede rom (Kiln) som holder den torvpregede røyken borte.","40.00","Ukjent","Ukjent","","Irish Dist.","Pernod Ricard Norway AS","SKANLOG VSD AS","Engangsflasker av glass","","http://www.vinmonopolet.no/vareutvalg/varedetaljer/sku-16202"
"","16207","Jameson","4.50","2300.00","511.10","Whisky","Bestillingsutvalget","Uavhengig sortiment","0","0","0","0","0","","","","","","","Irland","Øvrige","Øvrige","","Bygg.","Jameson blir destillert tre ganger for å oppnå så ren og mild smak som mulig.Under maltingen blir bygget tørket i lukkede rom (Kiln)","40.00","Ukjent","Ukjent","","Irish Dist.","Pernod Ricard Norway AS","SKANLOG VSD AS","Glassflaske over eller lik 4 ltr","","http://www.vinmonopolet.no/vareutvalg/varedetaljer/sku-16207"
"","16501","Four Roses Bourbon","0.70","349.90","499.90","Whisky","Basisutvalget","Butikkategori 6","0","0","0","0","0","","","","","","","USA","Øvrige","Øvrige","","10% Bygg, 90% mais.","Sourmash benyttes i fremstillingen. Lagret 72 md. på eikefat.","40.00","Ukjent","Ukjent","","Four Roses Dist.","Pernod Ricard Norway AS","SKANLOG VSD AS","Engangsflasker av glass","","http://www.vinmonopolet.no/vareutvalg/varedetaljer/sku-16501"
"","16601","Jim Beam Kentucky","0.70","349.90","499.90","Whisky","Basisutvalget","Butikkategori 3","0","0","0","0","0","","","","","","","USA","Øvrige","","","","","40.00","Ukjent","Ukjent","","JBB","Edrington Norway AS","Vectura AS","Engangsflasker av glass","","http://www.vinmonopolet.no/vareutvalg/varedetaljer/sku-16601"
"","17001","Canadian Club","0.70","345.00","492.90","Whisky","Bestillingsutvalget","Uavhengig sortiment","0","0","0","0","0","","","","","","","Canada","Øvrige","Øvrige","","Rug, mais, hvete.","Minimum 3 og opptil 8 år gammel, lagret på eikefat. Den eneste whisky der blanding av alle tre komponenter blir gjort før lagring.","40.00","Ukjent","Ukjent","","","Edrington Norway AS","Vectura AS","Engangsflasker av glass","","http://www.vinmonopolet.no/vareutvalg/varedetaljer/sku-17001"
"","17702","Bokma Oude Friesche","0.50","245.00","490.00","Genever","Bestillingsutvalget","Uavhengig sortiment","0","0","0","0","0","","","","","","","Nederland","Øvrige","","","","","38.00","Ukjent","Ukjent","","","Edrington Norway AS","Vectura AS","Engangsflasker av glass","","http://www.vinmonopolet.no/vareutvalg/varedetaljer/sku-17702"
"","18601","Galliano","0.70","329.90","471.30","Likør","Bestillingsutvalget","Uavhengig sortiment","0","0","0","0","0","","","","","","","Italia","Øvrige","Øvrige","","","Destillering og bløting av urter/planter.Blanding av ingrediensene. Filtrering og tapping.24 mnd. flaskemodning før salg.","30.00","230.00","Ukjent","","","Edrington Norway AS","Vectura AS","Engangsflasker av glass","","http://www.vinmonopolet.no/vareutvalg/varedetaljer/sku-18601"
"","18602","Galliano","0.35","179.90","514.00","Likør","Basisutvalget","Butikkategori 4","0","0","0","0","0","","","","","","","Italia","Øvrige","Øvrige","","","Destillering og bløting av urter/planter. Blanding av ingrediensene. Filtrering og tapping. 24 md. flaskemodning før salg.","30.00","230.00","Ukjent","","","Edrington Norway AS","Vectura AS","Engangsflasker av glass","","http://www.vinmonopolet.no/vareutvalg/varedetaljer/sku-18602"
"","18701","Beefeater London Dry","0.70","334.90","478.40","Gin","Basisutvalget","Butikkategori 6","0","0","0","0","0","","","","","","","England","Øvrige","Øvrige","","Korn, enebær, koriander, angelica, appelsinskall.","Destillert to ganger.","40.00","Ukjent","Ukjent","","Chivas Brothers","Pernod Ricard Norway AS","SKANLOG VSD AS","Engangsflasker av glass","","http://www.vinmonopolet.no/vareutvalg/varedetaljer/sku-18701"
"","18702","Beefeater London Dry","0.35","184.90","528.30","Gin","Basisutvalget","Butikkategori 5","0","0","0","0","0","","","","","","","England","Øvrige","Øvrige","","Korn, enebær, koriander, angelica, appelsinskall.","Destillert to ganger.","40.00","Ukjent","Ukjent","","Chivas Brothers","Pernod Ricard Norway AS","SKANLOG VSD AS","Engangsflasker av glass","","http://www.vinmonopolet.no/vareutvalg/varedetaljer/sku-18702"
"","19001","Gordon's Special London Dry Gin","0.70","319.90","457.00","Gin","Basisutvalget","Butikkategori 5","0","0","0","0","0","","","","","","","England","Øvrige","Øvrige","","Enebær og ca. 14 krydderarter.","","37.50","Ukjent","Ukjent","","Gordon's Dist.","Diageo Norway AS","SKANLOG VSD AS","Engangsflasker av glass","","http://www.vinmonopolet.no/vareutvalg/varedetaljer/sku-19001"
"","19002","Gordon's Special London Dry Gin","0.35","189.90","542.60","Gin","Bestillingsutvalget","Uavhengig sortiment","0","0","0","0","0","","","","","","","England","Øvrige","Øvrige","","Enebær og ca. 14 krydderarter.","Opplysninger er ikke gitt av produsent /leverandør.Opplysninger er ikke gitt av produsent /leverandør.","37.50","Ukjent","Ukjent","","Gordon's Dist.","Diageo Norway AS","SKANLOG VSD AS","Engangsflasker av glass","","http://www.vinmonopolet.no/vareutvalg/varedetaljer/sku-19002"
"","19604","Angostura","0.20","189.90","949.50","Bitter","Bestillingsutvalget","Uavhengig sortiment","0","0","0","0","0","","","","","","","Trinidad,Tobago","Øvrige","Øvrige","","Urter og krydder.","","44.70","Ukjent","Ukjent","","Angostura","Interbrands Norway AS","Cuveco AS","Engangsflasker av glass","","http://www.vinmonopolet.no/vareutvalg/varedetaljer/sku-19604"
"","19701","Gammel Dansk Bitter Dram","0.70","389.90","557.00","Bitter","Basisutvalget","Butikkategori 3","0","0","0","0","0","","","","","","","Danmark","Øvrige","Øvrige","","Urter og krydder","","38.00","Ukjent","Ukjent","","","Arcus AS","Vectura AS","Engangsflasker av glass","","http://www.vinmonopolet.no/vareutvalg/varedetaljer/sku-19701"
"","19702","Gammel Dansk Bitter Dram","0.35","204.90","585.40","Bitter","Basisutvalget","Butikkategori 5","0","0","0","0","0","","","","","","","Danmark","Øvrige","Øvrige","","Urter og krydder","","38.00","Ukjent","Ukjent","","","Arcus AS","Vectura AS","Engangsflasker av glass","","http://www.vinmonopolet.no/vareutvalg/varedetaljer/sku-19702"
"","20001","Jägermeister","0.70","379.90","542.70","Bitter","Basisutvalget","Butikkategori 1","0","0","0","0","0","","","","","","","Tyskland","Øvrige","Øvrige","","Brennevin, urter og krydder","","35.00","Ukjent","Ukjent","","","Robert Prizelius AS","Vectura AS","Engangsflasker av glass","","http://www.vinmonopolet.no/vareutvalg/varedetaljer/sku-20001"
"","20002","Jägermeister","0.35","199.90","571.10","Bitter","Basisutvalget","Butikkategori 1","0","0","0","0","0","","","","","","","Tyskland","Øvrige","Øvrige","","Brennevin, urter og krydder","","35.00","Ukjent","Ukjent","","","Robert Prizelius AS","Vectura AS","Engangsflasker av glass","","http://www.vinmonopolet.no/vareutvalg/varedetaljer/sku-20002"
"","20003","Jägermeister","0.10","79.90","799.00","Bitter","Basisutvalget","Butikkategori 3","0","0","0","0","0","","","","","","","Tyskland","Øvrige","Øvrige","","Brennevin, urter og krydder","","35.00","Ukjent","Ukjent","","","Robert Prizelius AS","Vectura AS","Engangsflasker av glass","","http://www.vinmonopolet.no/vareutvalg/varedetaljer/sku-20003"
"","20901","Cuervo Especial Reposado Tequila","0.70","354.90","507.00","Fruktbrennevin","Basisutvalget","Butikkategori 5","0","0","0","0","0","","","","","","","Mexico","Øvrige","Øvrige","","Liljeplanten Agave.","","38.00","Ukjent","Ukjent","","José Cuervo","Engelstad Spirits AS","Cuveco AS","Engangsflasker av glass","","http://www.vinmonopolet.no/vareutvalg/varedetaljer/sku-20901"
"","21601","Martini Rosso","1.00","196.90","196.90","Vermut","Basisutvalget","Butikkategori 2","0","0","0","0","0","","","","","","","Italia","Øvrige","Øvrige","","Hvitvin, sukker, naturlige aromatiske ekstrakter","Tradisjonell produksjonsmetode.","15.00","153.00","4.50","","Martini & Rossi","Bacardi Norge AS","Vectura AS","Engangsflasker av glass","Skrukapsel","http://www.vinmonopolet.no/vareutvalg/varedetaljer/sku-21601"
"","21602","Martini Rosso","0.50","109.90","219.80","Vermut","Bestillingsutvalget","Uavhengig sortiment","0","0","0","0","0","","","","","","","Italia","Øvrige","Øvrige","","Hvitvin, sukker, naturlige aromatiske ekstrakter","Tradisjonell produksjonsmetode.","15.00","153.00","4.50","","Martini & Rossi","Bacardi Norge AS","Vectura AS","Engangsflasker av glass","Skrukapsel","http://www.vinmonopolet.no/vareutvalg/varedetaljer/sku-21602"
"","21701","Martini Bianco","1.00","196.90","196.90","Vermut","Basisutvalget","Butikkategori 1","0","0","0","0","0","","","","","","","Italia","Øvrige","Øvrige","","Hvitvin, sukker, sprit, aromatiske ekstrakter","Tradisjonell produksjonsmetode.","15.00","168.00","4.50","","Martini & Rossi","Bacardi Norge AS","Vectura AS","Engangsflasker av glass","Skrukapsel","http://www.vinmonopolet.no/vareutvalg/varedetaljer/sku-21701"
"","21702","Martini Bianco","0.50","109.90","219.80","Vermut","Basisutvalget","Butikkategori 3","0","0","0","0","0","","","","","","","Italia","Øvrige","Øvrige","","Hvitvin, sukker, sprit, aromatiske ekstrakter","Tradisjonell produksjonsmetode.","15.00","168.00","4.50","","Martini & Rossi","Bacardi Norge AS","Vectura AS","Engangsflasker av glass","Skrukapsel","http://www.vinmonopolet.no/vareutvalg/varedetaljer/sku-21702"
"","23201","Martini Extra Dry","1.00","196.90","196.90","Vermut","Basisutvalget","Butikkategori 3","5","0","0","0","3","","","","","","","Italia","Øvrige","Øvrige","","Hvitvin, sukker, naturlige aromatiske ekstrakter","Tradisjonell produksjonsmetode.","15.00","26.00","4.50","","Martini & Rossi","Bacardi Norge AS","Vectura AS","Engangsflasker av glass","Skrukapsel","http://www.vinmonopolet.no/vareutvalg/varedetaljer/sku-23201"
"","23801","Curaçao Napoléon Liqueur à l'Orange","0.70","299.90","428.40","Likør","Basisutvalget","Butikkategori 5","0","0","0","0","0","Middels dyp gul.","Aroma preget av sitrus og urter.","Søt og lett krydderpreget med innslag av sitrus, litt fat og karamell. God fylde.","","","","Frankrike","Øvrige","Øvrige","","Alkohol, sukker, vann, aroma. Farge - Karamell E 150","","40.00","280.00","Ukjent","","Cazanove","Palmer Group AS","Vectura AS","Engangsflasker av glass","","http://www.vinmonopolet.no/vareutvalg/varedetaljer/sku-23801"
"","24101","Cointreau","0.70","399.00","570.00","Likør","Basisutvalget","Butikkategori 1","0","0","0","0","0","","","","","","","Frankrike","Øvrige","Øvrige","","","","40.00","234.00","Ukjent","","Cointreau","Robert Prizelius AS","Vectura AS","Engangsflasker av glass","","http://www.vinmonopolet.no/vareutvalg/varedetaljer/sku-24101"
"","24102","Cointreau","0.35","209.90","599.70","Likør","Basisutvalget","Butikkategori 5","0","0","0","0","0","","","","","","","Frankrike","Øvrige","Øvrige","","","","40.00","234.00","Ukjent","","Cointreau","Robert Prizelius AS","Vectura AS","Engangsflasker av glass","","http://www.vinmonopolet.no/vareutvalg/varedetaljer/sku-24102"
"","24103","Cointreau","0.05","48.00","960.10","Likør","Bestillingsutvalget","Uavhengig sortiment","0","0","0","0","0","","","","","","","Frankrike","Øvrige","Øvrige","","","Opplysninger ikke gitt av produsent/leverandør.Opplysninger ikke gitt av produsent/leverandør.","40.00","234.00","Ukjent","","Cointreau","Robert Prizelius AS","Vectura AS","PET","","http://www.vinmonopolet.no/vareutvalg/varedetaljer/sku-24103"
"","24201","Dubonnet","0.75","154.90","206.50","Aromatisert Svakvin og annen blandet dri","Bestillingsutvalget","Uavhengig sortiment","0","0","0","0","0","","","","","","","Frankrike","Øvrige","Øvrige","","Hvite og røde Muskat druer.","Tradisjonell.Lagres på eikefat i 2 år.","14.80","Ukjent","Ukjent","","","Pernod Ricard Norway AS","SKANLOG VSD AS","Engangsflasker av glass","","http://www.vinmonopolet.no/vareutvalg/varedetaljer/sku-24201"
"","24401","D. O. M. Bénédictine","0.70","429.90","614.10","Likør","Bestillingsutvalget","Uavhengig sortiment","0","0","0","0","0","","","","","","","Frankrike","Øvrige","Øvrige","","27 forskjellige urter og krydder, vaniljebønner og sitronskall.","","40.00","330.00","0.10","","","Bacardi Norge AS","Vectura AS","Engangsflasker av glass","Annet","http://www.vinmonopolet.no/vareutvalg/varedetaljer/sku-24401"
"","24601","Grand Marnier Cordon Rouge","0.70","399.90","571.30","Likør","Bestillingsutvalget","Uavhengig sortiment","0","0","0","0","0","","","","","","","Frankrike","Øvrige","Øvrige","","51% Cognac, 49% appelsinlikør","Tradisjonell produksjon med bl.a. destillering av smaksuttrekk.","40.00","235.00","Ukjent","","Marnier-Lapostolle","Diageo Norway AS","SKANLOG VSD AS","Engangsflasker av glass","","http://www.vinmonopolet.no/vareutvalg/varedetaljer/sku-24601"
"","24702","Bols Banana","0.50","195.00","390.00","Likør under 22 %","Bestillingsutvalget","Uavhengig sortiment","0","0","0","0","0","","","","","","","Nederland","Øvrige","Øvrige","","Sukkermelasse og frukt-/bæressenser","Opplysninger ikke gitt av produsent/leverandør.Opplysninger ikke gitt av produsent/leverandør.","17.00","380.00","1.00","","Bols Int.","Edrington Norway AS","Vectura AS","Engangsflasker av glass","","http://www.vinmonopolet.no/vareutvalg/varedetaljer/sku-24702"
"","25001","Bols Advocaat","0.70","185.00","264.30","Likør under 22 %","Basisutvalget","Butikkategori 1","0","0","0","0","0","","","","","","","Nederland","Øvrige","Øvrige","","Eggeplommer og cognac.","","15.00","246.00","Ukjent","","Bols Int.","Edrington Norway AS","Vectura AS","Engangsflasker av glass","","http://www.vinmonopolet.no/vareutvalg/varedetaljer/sku-25001"
"","25002","Bols Advocaat","0.50","145.00","290.00","Likør under 22 %","Bestillingsutvalget","Uavhengig sortiment","0","0","0","0","0","","","","","","","Nederland","Øvrige","Øvrige","","Eggeplommer og cognac.","","15.00","246.00","Ukjent","","Bols Int.","Edrington Norway AS","Vectura AS","Engangsflasker av glass","","http://www.vinmonopolet.no/vareutvalg/varedetaljer/sku-25002"
"","25101","Warninks Advocaat","0.70","189.90","271.30","Likør under 22 %","Bestillingsutvalget","Uavhengig sortiment","0","0","0","0","0","","","","","","","Nederland","Øvrige","Øvrige","","Eggeplommer, sukker og alkohol.","Min. 10 eggeplommer pr. 100 g likør. Eggene skal være dagsferske og nøye kontrollert. Etter behov tilsettes sukker og kanskje litt","17.20","Ukjent","Ukjent","","","Engelstad Spirits AS","Cuveco AS","Engangsflasker av glass","","http://www.vinmonopolet.no/vareutvalg/varedetaljer/sku-25101"
"","25102","Warninks Advocaat","0.35","113.90","325.40","Likør under 22 %","Bestillingsutvalget","Uavhengig sortiment","0","0","0","0","0","","","","","","","Nederland","Øvrige","Øvrige","","Eggeplommer, sukker og alkohol.","Min. 10 eggeplommer pr. 100 g likør. Eggene skal være dagsferske og nøye kontrollert.","17.20","Ukjent","Ukjent","","","Engelstad Spirits AS","Cuveco AS","Engangsflasker av glass","","http://www.vinmonopolet.no/vareutvalg/varedetaljer/sku-25102"
"","25201","Original Peachtree","0.70","226.00","322.90","Øvrig Brennevin under 22 %","Bestillingsutvalget","Uavhengig sortiment","0","0","0","0","0","","","","","","","Nederland","Øvrige","Øvrige","","Modne ferskner.","Peachtree har ingen kunstige smaks- eller farge-tilsetninger.Opplysninger er ikke gitt av produsent /leverandør.","20.00","289.00","Ukjent","","De Kuyper","Engelstad Spirits AS","Cuveco AS","Engangsflasker av glass","","http://www.vinmonopolet.no/vareutvalg/varedetaljer/sku-25201"
"","25801","Pisang Ambon","0.70","225.00","321.40","Likør under 22 %","Bestillingsutvalget","Uavhengig sortiment","0","0","0","0","0","","","","","","","Nederland","Øvrige","Øvrige","","","Opplysninger ikke gitt av produsent/leverandør.Opplysninger ikke gitt av produsent/leverandør.","20.00","325.00","Ukjent","","Bols Int.","Edrington Norway AS","Vectura AS","Engangsflasker av glass","","http://www.vinmonopolet.no/vareutvalg/varedetaljer/sku-25801"
"","25901","Drambuie","0.70","399.90","571.30","Likør","Basisutvalget","Butikkategori 3","0","0","0","0","0","","","","","","","Skottland","Øvrige","Øvrige","","Whisky, sukker, vann","Laget av et utvalg skotsk whisky, mange mellom 15 -20 år gamle. Blandes med sukker og naturlige aromatiske essenser.","40.00","350.00","1.00","","","Edrington Norway AS","Vectura AS","Engangsflasker av glass","","http://www.vinmonopolet.no/vareutvalg/varedetaljer/sku-25901"
"","25902","Drambuie","0.35","219.90","628.30","Likør","Basisutvalget","Butikkategori 6","0","0","0","0","0","","","","","","","Skottland","Øvrige","Øvrige","","Whisky, sukker, vann","Laget av et utvalg skotsk whisky, mange mellom 15 -20 år gamle. Blandes med sukker og naturlige aromatiske essenser.","40.00","350.00","1.00","","","Edrington Norway AS","Vectura AS","Engangsflasker av glass","","http://www.vinmonopolet.no/vareutvalg/varedetaljer/sku-25902"
"","25903","Drambuie","0.05","47.90","957.90","Likør","Bestillingsutvalget","Uavhengig sortiment","0","0","0","0","0","","","","","","","Skottland","Øvrige","Øvrige","","Whisky, sukker, vann","Laget av et utvalg skotsk whisky (mange mellom 15 -20 år gamle). Blandes med sukker og naturlige aromatiske essenser.Min. 60 md fatl","40.00","350.00","1.00","","","Edrington Norway AS","Vectura AS","PET","","http://www.vinmonopolet.no/vareutvalg/varedetaljer/sku-25903"
"","26201","Frost","0.70","224.90","321.30","Øvrig Brennevin under 22 %","Bestillingsutvalget","Uavhengig sortiment","0","0","0","0","0","","","","","","","Norge","Øvrige","Øvrige","","Kornsprit, kreklingbær","Destillasjon, maserasjon, ingen fat- og/eller flaskelagring.","20.50","175.00","Ukjent","","","Arcus AS","Vectura AS","Engangsflasker av glass","","http://www.vinmonopolet.no/vareutvalg/varedetaljer/sku-26201"
"","27201","Jose Cuervo Especial Silver","0.70","344.90","492.70","Fruktbrennevin","Basisutvalget","Butikkategori 6","0","0","0","0","0","","","","","","","Mexico","Øvrige","","","","","38.00","Ukjent","Ukjent","","José Cuervo","Engelstad Spirits AS","Cuveco AS","Engangsflasker av glass","","http://www.vinmonopolet.no/vareutvalg/varedetaljer/sku-27201"
"","27401","Pernod, Anis Spirit","0.70","345.00","492.90","Øvrig Brennevin","Bestillingsutvalget","Uavhengig sortiment","0","0","0","0","0","","","","","","","Frankrike","Øvrige","Øvrige","","","Olje fra stjerneanis og fennikel, destillerte aromatiske planter og en lett lakrisekstrakt blandes med vann, sukker og finsprit.","40.00","Ukjent","Ukjent","","","Pernod Ricard Norway AS","SKANLOG VSD AS","Engangsflasker av glass","","http://www.vinmonopolet.no/vareutvalg/varedetaljer/sku-27401"
"","27501","Père Magloire V.S.O.P.","0.70","409.90","585.60","Fruktbrennevin","Basisutvalget","Butikkategori 2","0","0","0","0","0","","","","","","","Frankrike","Calvados","Pays d'Auge","","","","40.00","Ukjent","Ukjent","","Père Magloire","Robert Prizelius AS","Vectura AS","Engangsflasker av glass","","http://www.vinmonopolet.no/vareutvalg/varedetaljer/sku-27501"
"","27601","Robertson's Tawny","0.75","161.90","215.90","Portvin","Basisutvalget","Butikkategori 5","8","7","0","0","7","","","","Dessert, kake, frukt","","Ost","Portugal","Douro","Øvrige","","","Gjæringen stoppes når alkoholstyrken har nådd ca. 4,5%. Dette skjer ved at det tilsettes portugisisk druebrennevin.","19.50","Ukjent","Ukjent","Drikkeklar nå, men kan også lagres","","Pernod Ricard Norway AS","SKANLOG VSD AS","Engangsflasker av glass","","http://www.vinmonopolet.no/vareutvalg/varedetaljer/sku-27601"
"","28101","Kopke Fine Ruby","0.75","174.90","233.20","Portvin","Basisutvalget","Butikkategori 4","7","7","0","0","7","Mørk blårød.","Ung og fruktig, preg av solbær og krydder, innslag av sjokolade og vanilje.","Ung, fruktig og fast, preg av mørke bær og krydder.","Dessert, kake, frukt","","Ost","Portugal","Douro","Øvrige","","","Portvin er vin fremstilt av druer som vokser innen et bestemt område ved elven Douro med ca. 700 mm nedbør i året.","19.50","90.20","Ukjent","Drikkeklar nå, men kan også lagres","","Einar A Engelstad AS","Cuveco AS","Engangsflasker av glass","","http://www.vinmonopolet.no/vareutvalg/varedetaljer/sku-28101"
"","28701","Sandeman Fine Tawny","0.75","169.90","226.50","Portvin","Basisutvalget","Butikkategori 3","7","7","0","0","8","Middels dyp rød.","Aroma preget av røde og mørke bær, hint av svale urter og tre.","Litt utviklet, preg av røde og mørke bær, ørlitt varm ettersmak.","Dessert, kake, frukt","","Ost","Portugal","Douro","Øvrige","","Flere druetyper.","Gjæringen stoppes når alkoholstyrken har nådd ca. 4%. Dette skjer ved at portugisisk druebrennevin tilsettes.","19.50","100.00","Ukjent","Drikkeklar nå, men kan også lagres","Sandeman","Pernod Ricard Norway AS","SKANLOG VSD AS","Engangsflasker av glass","","http://www.vinmonopolet.no/vareutvalg/varedetaljer/sku-28701"
"","29101","Luxardo Sambuca dei Cesari","0.70","323.70","462.40","Likør","Basisutvalget","Butikkategori 1","0","0","0","0","0","","","","","","","Italia","Øvrige","Øvrige","","Grønn anis og hyllebær.","","38.00","380.00","Ukjent","","Girolamo Luxardo","Cork Wines & Spirits AS","Vectura AS","Engangsflasker av glass","","http://www.vinmonopolet.no/vareutvalg/varedetaljer/sku-29101"
"","29102","Luxardo Sambuca dei Cesari","0.50","230.00","460.00","Likør","Bestillingsutvalget","Uavhengig sortiment","0","0","0","0","0","","","","","","","Italia","Øvrige","Øvrige","","Grønn anis og hyllebær.","","38.00","380.00","Ukjent","","Girolamo Luxardo","Cork Wines & Spirits AS","Vectura AS","Engangsflasker av glass","","http://www.vinmonopolet.no/vareutvalg/varedetaljer/sku-29102"
"","29103","Luxardo Sambuca dei Cesari","0.05","39.40","788.10","Likør","Bestillingsutvalget","Uavhengig sortiment","0","0","0","0","0","","","","","","","Italia","Øvrige","Øvrige","","Grønn anis og hyllebær.","Opplysninger ikke gitt av produsent/leverandør.Opplysninger ikke gitt av produsent/leverandør.","38.00","380.00","Ukjent","","Girolamo Luxardo","Cork Wines & Spirits AS","Vectura AS","Engangsflasker av glass","","http://www.vinmonopolet.no/vareutvalg/varedetaljer/sku-29103"
"","29104","Luxardo Sambuca dei Cesari","0.20","130.00","650.00","Likør","Basisutvalget","Butikkategori 6","0","0","0","0","0","","","","","","","Italia","Veneto","Colli Euganei","","Grønn anis, hyllebær","Destillert med urtene.","38.00","380.00","Ukjent","","Girolamo Luxardo","Cork Wines & Spirits AS","Vectura AS","Engangsflasker av glass","Skrukapsel","http://www.vinmonopolet.no/vareutvalg/varedetaljer/sku-29104"
"","29107","Luxardo Sambuca dei Cesari","4.50","2516.30","559.20","Likør","Bestillingsutvalget","Uavhengig sortiment","0","0","0","0","0","Vannklar.","Markant preg av anis.","Søt, klar smak av anis.","Aperitiff/avec","","","Italia","Øvrige","Øvrige","","Sprit, grønn anis, hyllebær.","","38.00","380.00","Ukjent","","Girolamo Luxardo","Cork Wines & Spirits AS","Vectura AS","Glassflaske over eller lik 4 ltr","Skrukapsel","http://www.vinmonopolet.no/vareutvalg/varedetaljer/sku-29107"
"","29501","Marie Brizard Apry Apricot Brandy","0.70","219.90","314.10","Likør under 22 %","Bestillingsutvalget","Uavhengig sortiment","0","0","0","0","0","","","","","","","Frankrike","Øvrige","","","","","20.50","Ukjent","Ukjent","","Marie Brizard","Bibendum AS","Trebuchet AS","Engangsflasker av glass","","http://www.vinmonopolet.no/vareutvalg/varedetaljer/sku-29501"
"","35201","Sandeman Rich Golden","0.75","144.90","193.20","Sherry","Basisutvalget","Butikkategori 6","8","6","0","0","7","","","","Dessert, kake, frukt","","Ost","Spania","Øvrige","Øvrige","","Palomino, Pedro Ximénez","Druemosten gjærer til alt druesukker er omdannet til alkohol. Deretter tilsettes denne ferske hvitvinen druesprit.","15.00","120.00","Ukjent","Drikkeklar nå, men kan også lagres","Sandeman","Pernod Ricard Norway AS","SKANLOG VSD AS","Engangsflasker av glass","","http://www.vinmonopolet.no/vareutvalg/varedetaljer/sku-35201"
"","35301","Sandeman Medium Dry","0.75","144.90","193.20","Sherry","Basisutvalget","Butikkategori 4","8","7","0","0","5","","","","Ost","","Grønnsaker","Spania","Øvrige","Øvrige","","Palomino, Pedro Ximénez","Druemosten gjærer til alt druesukker er omdannet til alkohol. Deretter tilsettes den ferske hvitvinen druesprit og modnes.","15.00","39.00","Ukjent","Drikkeklar, ikke egnet for lagring","Sandeman","Pernod Ricard Norway AS","SKANLOG VSD AS","Engangsflasker av glass","","http://www.vinmonopolet.no/vareutvalg/varedetaljer/sku-35301"
"","35501","Martini Rosato","1.00","196.90","196.90","Vermut","Basisutvalget","Butikkategori 5","7","0","0","0","6","","","","","","","Italia","Øvrige","Øvrige","","Hvitvin, sukker, naturlige aromatiske ekstrakter","Tradisjonell. Opplysninger ikke gitt av produsent/leverandør.","15.00","165.00","4.50","","Martini & Rossi","Bacardi Norge AS","Vectura AS","Engangsflasker av glass","Skrukapsel","http://www.vinmonopolet.no/vareutvalg/varedetaljer/sku-35501"
"","35601","Harveys Amontillado","0.75","169.90","226.50","Sherry","Bestillingsutvalget","Uavhengig sortiment","8","6","0","0","5","","","","Dessert, kake, frukt","","Ost","Spania","Øvrige","Øvrige","","","Laget på base av Oloroso som er oppspritet. Tilsatt litt drueekstrakt som farge. Lagret etter solerasystemet.","17.50","70.00","2.00","Drikkeklar, ikke egnet for lagring","Bod. Domecq","Edrington Norway AS","Vectura AS","Engangsflasker av glass","","http://www.vinmonopolet.no/vareutvalg/varedetaljer/sku-35601"
"","36001","Tio Pepe Fino","0.75","179.50","239.30","Sherry","Basisutvalget","Butikkategori 3","4","7","0","0","1","Lys strågul.","Lett florpreget aroma med innslag av mandel, sjø og litt blomst.","Ung og fruktig, innslag av flor og sitrus.","Fisk","Aperitiff/avec","Grønnsaker","Spania","Øvrige","Øvrige","","Palomino","Tradisjonell. Min. 3 års fatlagring.","15.00","1.00","Ukjent","Drikkeklar, ikke egnet for lagring","","Robert Prizelius AS","Vectura AS","Engangsflasker av glass","","http://www.vinmonopolet.no/vareutvalg/varedetaljer/sku-36001"
"","36002","Tio Pepe Fino","0.38","104.90","279.70","Sherry","Bestillingsutvalget","Uavhengig sortiment","5","7","0","0","1","","","","Fisk","Aperitiff/avec","Grønnsaker","Spania","Øvrige","Øvrige","","Palomino","TradisjonellMin. 3 års fatlagring","15.00","1.00","Ukjent","Drikkeklar, ikke egnet for lagring","","Robert Prizelius AS","Vectura AS","Engangsflasker av glass","","http://www.vinmonopolet.no/vareutvalg/varedetaljer/sku-36002"
"","36201","Bristol Cream","0.75","179.90","239.90","Sherry","Basisutvalget","Butikkategori 1","9","7","0","0","9","Dyp gulbrun.","Ren og litt flyktig aroma preget av tørket frukt, karamell og mørk sjokolade.","Preg av tørkete frukter, karamell og litt sjokolade. Ettersmak med god lengde.","Dessert, kake, frukt","","","Spania","Øvrige","Øvrige","","Palomino 92%, Muscat (Moscatel, Moscato) 3%, Pedro Ximénez 5%","Laget på base av Oloroso som er oppspritet. Tilsatt drueekstrakt som farge. Lagret etter solerasystemet.","17.50","138.00","1.80","Drikkeklar nå, men kan også lagres","Bod. Domecq","Edrington Norway AS","Vectura AS","Engangsflasker av glass","","http://www.vinmonopolet.no/vareutvalg/varedetaljer/sku-36201"
"","36202","Bristol Cream","0.38","99.90","266.40","Sherry","Basisutvalget","Butikkategori 3","9","7","0","0","9","Dyp gulbrun.","Ren og litt flyktig aroma preget av tørket frukt, karamell og mørk sjokolade.","Preg av tørkete frukter, karamell og litt sjokolade. Ettersmak med god lengde.","Dessert, kake, frukt","","","Spania","Øvrige","Øvrige","","Palomino 92%, Muscat (Moscatel, Moscato) 3%, Pedro Ximénez 5%","Laget på base av Oloroso som er oppspritet. Tilsatt drueekstrakt som farge. Lagret etter solerasystemet.","17.50","138.00","1.80","Drikkeklar nå, men kan også lagres","Bod. Domecq","Edrington Norway AS","Vectura AS","Engangsflasker av glass","","http://www.vinmonopolet.no/vareutvalg/varedetaljer/sku-36202"
"","37203","Campari Bitter","0.04","39.90","997.40","Bitter under 22 %","Bestillingsutvalget","Uavhengig sortiment","0","0","0","0","0","","","","","","","Italia","Øvrige","Øvrige","","Frukter, planter, plante-og urteekstrakter, sukker, alkohol.","Ingrediensene blandes med alkohol for å oppnå en ''sammensmelting''. På denne matenlages den endelige drikken og alkoholstyrken r","21.00","250.00","Ukjent","","Campari","Robert Prizelius AS","Vectura AS","Engangsflasker av glass","","http://www.vinmonopolet.no/vareutvalg/varedetaljer/sku-37203"
"","59101","Mouton Cadet Rouge 2012","0.75","148.90","198.50","Rødvin","Bestillingsutvalget","Uavhengig sortiment","7","7","7","0","0","","","","Fisk","Lyst kjøtt","Svinekjøtt","Frankrike","Bordeaux","Øvrige","2012","Merlot 65%, Cabernet Sauvignon 20%, Cabernet Franc 15%","Tradisjonell.Ingen fatlagring.","13.50","2.00","Ukjent","Drikkeklar nå, men kan også lagres","Baron Philippe de Rothschild","Haugen-Gruppen AS","Vectura AS","Engangsflasker av glass","","http://www.vinmonopolet.no/vareutvalg/varedetaljer/sku-59101"
"","63701","Siglo Saco Crianza 2008/2009","0.75","119.90","159.90","Rødvin","Bestillingsutvalget","Uavhengig sortiment","6","7","7","0","0","Dyp rød.","Røde bær, krydder og fat.","Røde bær, litt krydder og fat.(2008)","Lyst kjøtt","Lam og sau","Ost","Spania","Rioja","Øvrige","2009","Tempranillo 50%, Mazuelo 15%, Graciano 35%","Temperaturkontrollert vinifikasjon ved 20 - 25 C °12 mnd. Fatlagring i eikefat 6-8 md.","13.50","2.00","Ukjent","Drikkeklar, ikke egnet for lagring","Bod. Campo Viejo","Pernod Ricard Norway AS","SKANLOG VSD AS","Engangsflasker av glass","","http://www.vinmonopolet.no/vareutvalg/varedetaljer/sku-63701"
"","65101","Cellier des Dauphins Signature Vieilles Vignes Côte-du-Rhône 2011","0.75","124.90","166.50","Rødvin","Bestillingsutvalget","Uavhengig sortiment","6","7","7","0","0","Dyp blårød.","Litt dempet preg av mørke bær og sevje.","Preg av mørke bær og urter, litt rustikk.","Fisk","Lyst kjøtt","Svinekjøtt","Frankrike","Rhône Sør","Côtes du Rhône","2011","Grenache 65%, Syrah 20%, Carignan 10%, Cinsault, Mourvèdre","Tradisjonell. 12 mnd. lagring på eikefat.","14.50","2.00","5.40","Drikkeklar, ikke egnet for lagring","Les Prod. Réunis","Einar A Engelstad AS","Cuveco AS","Engangsflasker av glass","","http://www.vinmonopolet.no/vareutvalg/varedetaljer/sku-65101"
"","65102","Cellier des Dauphins Côtes du Rhône Réserve 2012","0.38","78.90","210.40","Rødvin","Bestillingsutvalget","Uavhengig sortiment","7","6","7","0","0","","","","Fisk","Lyst kjøtt","Svinekjøtt","Frankrike","Rhône Sør","Côtes du Rhône","2012","Grenache 65%, Syrah 20%, Carignan 10%, Cinsault, Mourvèdre","Tradisjonell.12 mnd. på fatlagring på eikefat.","13.50","2.00","5.40","Drikkeklar, ikke egnet for lagring","Les Prod. Réunis","Einar A Engelstad AS","Cuveco AS","Engangsflasker av glass","","http://www.vinmonopolet.no/vareutvalg/varedetaljer/sku-65102"
"","65104","Cellier des Dauphins Côtes du Rhône Réserve 2007","0.25","54.90","219.60","Rødvin","Bestillingsutvalget","Uavhengig sortiment","7","6","7","0","0","","","","Fisk","Lyst kjøtt","Svinekjøtt","Frankrike","Rhône Sør","Côtes du Rhône","","Grenache 65%, Syrah 20%, Carignan 10%, Cinsault, Mourvèdre","Tradisjonell.12 mnd. på fatlagring på eikefat.","13.00","2.00","5.40","Drikkeklar, ikke egnet for lagring","Les Prod. Réunis","Einar A Engelstad AS","Cuveco AS","Engangsflasker av glass","","http://www.vinmonopolet.no/vareutvalg/varedetaljer/sku-65104"
"","66001","Ruffino Chianti 2013","0.75","117.90","157.20","Rødvin","Basisutvalget","Butikkategori 4","6","7","6","0","0","Middels dyp rød.","Aroma med preg av røde bær, urter og litt fat.","Ren, umiddelbar og litt utviklet, preg av røde bær, urter og krydder.","Lyst kjøtt","Lam og sau","Svinekjøtt","Italia","Toscana","Chianti","2013","Sangiovese 100%","","12.50","2.40","6.00","Drikkeklar, ikke egnet for lagring","Ruffino","Bibendum AS","Trebuchet AS","Engangsflasker av glass","","http://www.vinmonopolet.no/vareutvalg/varedetaljer/sku-66001"
"","66002","Ruffino Chianti 2011","0.38","68.90","183.70","Rødvin","Bestillingsutvalget","Uavhengig sortiment","6","7","7","0","0","","","","Lyst kjøtt","Lam og sau","Svinekjøtt","Italia","Toscana","Chianti","2011","Sangiovese","","12.50","2.40","6.00","Drikkeklar, ikke egnet for lagring","Ruffino","Bibendum AS","Trebuchet AS","Engangsflasker av glass","","http://www.vinmonopolet.no/vareutvalg/varedetaljer/sku-66002"
"","67001","Periquita Original 2012/2013","0.75","109.90","146.50","Rødvin","Basisutvalget","Butikkategori 5","7","7","7","0","0","Dyp rød.","Aroma preget av røde bær, grønne urter og litt trekrydder.","Bløt start, preg av røde og mørke bær, streif av urter. (2012)","Storfe","Lam og sau","Storvilt","Portugal","Setubal","Øvrige","2013","Castelão 95%, Tinta Amarela 5%","Temperaturkontrollert vinifikasjon i ståltanker i 8-10 dager ved 28 °C. 12 md. Lagring i nye og brukte eikefat.","13.00","3.00","1.00","Drikkeklar nå, men kan også lagres","J.M. da Fonseca","Einar A Engelstad AS","Cuveco AS","Engangsflasker av glass","","http://www.vinmonopolet.no/vareutvalg/varedetaljer/sku-67001"
"","67002","Periquita 2012","0.38","65.90","175.70","Rødvin","Bestillingsutvalget","Uavhengig sortiment","7","7","7","0","0","","","","Storfe","Lam og sau","Storvilt","Portugal","Setubal","Øvrige","2012","Castelão 95%, Tinta Amarela 5%","Temperaturkontrollert vinifikasjon i ståltanker i 8-10 dG. ved 28 C. 12 md. lagring i nye og brukte eikefat.","13.00","4.90","5.90","Drikkeklar nå, men kan også lagres","J.M. da Fonseca","Einar A Engelstad AS","Cuveco AS","Engangsflasker av glass","","http://www.vinmonopolet.no/vareutvalg/varedetaljer/sku-67002"
"","67005","Periquita 2010","1.50","251.00","167.30","Rødvin","Bestillingsutvalget","Uavhengig sortiment","7","7","7","0","0","","","","Storfe","Lam og sau","Storvilt","Portugal","Setubal","Øvrige","2010","Castelão 95%, Tinta Amarela 5%","Temperaturkontrollert vinifikasjon i ståltanker i 8-10 dager ved 28 °C12 md. lagring i nye og brukte eikefat","13.00","4.90","5.90","Drikkeklar nå, men kan også lagres","J.M. da Fonseca","Einar A Engelstad AS","Cuveco AS","Engangsflasker av glass","","http://www.vinmonopolet.no/vareutvalg/varedetaljer/sku-67005"
"","67006","Periquita 2012","3.00","388.90","129.60","Rødvin","Bestillingsutvalget","Uavhengig sortiment","7","7","7","0","0","","","","Storfe","Lam og sau","Storvilt","Portugal","Setubal","Øvrige","2012","Castelão 80%, Aragónez 10%, Trincadeira 10%","Temperaturkontrollert vinifikasjon i ståltanker i 8-10 dg. ved 28 °C. 12 md. lagring i nye og brukte eikefat.","13.00","4.90","5.90","Drikkeklar nå, men kan også lagres","J.M. da Fonseca","Einar A Engelstad AS","Cuveco AS","BIB under 4 ltr","","http://www.vinmonopolet.no/vareutvalg/varedetaljer/sku-67006"
"","67801","Faustino I Gran Reserva 2001","0.75","209.90","279.90","Rødvin","Basisutvalget","Butikkategori 3","9","8","7","0","0","Dyp rød.","Fint utviklet, preg av mørke og røde bær, tørket frukt og blomst over integrert fat.","Sval, kompleks og balansert. Ettersmak med fint fasthet og god lengde.","Storfe","Lam og sau","Småvilt og fugl","Spania","Rioja","Øvrige","2001","Tempranillo 80%, Mazuelo, Graciano","Gjæring i temperaturkontrollerte ståltanker i 15 dager. 24 mnd. lagring","13.50","2.00","Ukjent","Drikkeklar nå, men kan også lagres","Bod. Faustino","Bibendum AS","Trebuchet AS","Engangsflasker av glass","","http://www.vinmonopolet.no/vareutvalg/varedetaljer/sku-67801"
"","67901","Campo Viejo Crianza 2010/2011","0.75","111.90","149.20","Rødvin","Basisutvalget","Butikkategori 1","7","8","7","0","0","Dyp rød.","Aroma preget av røde bær, urter og fat.","Litt utviklet, preg av røde bær og litt fat, frisk ettersmak. (2010)","Lam og sau","Ost","Svinekjøtt","Spania","Rioja","Øvrige","2011","Tempranillo 85%, Mazuelo 10%, Graciano 5%","Tradisjonell, gjennomgått fullstendig malolaktisk gjæring 12 md. på fat + 12 md. på flaske.","13.50","3.00","5.20","Drikkeklar nå, men kan også lagres","Bod. Campo Viejo","Pernod Ricard Norway AS","SKANLOG VSD AS","Engangsflasker av glass","","http://www.vinmonopolet.no/vareutvalg/varedetaljer/sku-67901"
"","67902","Campo Viejo Crianza 2008","0.38","67.00","178.70","Rødvin","Basisutvalget","Butikkategori 6","7","7","7","0","0","Dyp rød.","Preg av røde bær, fat og urter.","Frisk og ren, preg av røde bær over fat.","Lam og sau","Ost","Svinekjøtt","Spania","Rioja","Øvrige","","Tempranillo 85%, Mazuelo 10%, Graciano 5%","Tradisjonell, gjennomgått fullstendig malolaktisk gjæring12 md fat + 12 md på flaske","13.50","3.00","5.20","Drikkeklar nå, men kan også lagres","Bod. Campo Viejo","Pernod Ricard Norway AS","SKANLOG VSD AS","Engangsflasker av glass","","http://www.vinmonopolet.no/vareutvalg/varedetaljer/sku-67902"
"","68501","Faustino V Reserva 2008/2009","0.75","159.90","213.20","Rødvin","Testutvalget","Butikkategori 6","8","8","7","0","0","Dyp rød.","Aroma preget av mørke bær, tørket frukt og fat med vanilje.","Utviklet og preget av tørket frukt og fat. (2008)","Storfe","Lam og sau","Småvilt og fugl","Spania","Rioja","Øvrige","2009","Tempranillo 80%, Graciano 20%","Tradisjonell temperaturkontrollert vinifikasjonsteknikk, 12 md. lagring i eikefat før 12 md. flaskemodning.","13.50","1.20","5.20","Drikkeklar nå, men kan også lagres","Bod. Faustino","Bibendum AS","Trebuchet AS","Engangsflasker av glass","","http://www.vinmonopolet.no/vareutvalg/varedetaljer/sku-68501"
"","68502","Faustino V Reserva 2006","0.38","89.90","239.70","Rødvin","Bestillingsutvalget","Uavhengig sortiment","7","0","6","0","0","","","","Storfe","Lam og sau","Småvilt og fugl","Spania","Rioja","Øvrige","2006","Tempranillo 80%, Graciano 20%","Temperaturkontrollert gjæring.12 mnd. lagring på eikefat+12 md. flaskemodning før salg.","13.50","2.00","Ukjent","Drikkeklar nå, men kan også lagres","Bod. Faustino","Bibendum AS","Trebuchet AS","Engangsflasker av glass","","http://www.vinmonopolet.no/vareutvalg/varedetaljer/sku-68502"
"","68801","Gran Feudo Crianza 2006","0.75","105.90","141.20","Rødvin","Basisutvalget","Butikkategori 4","6","7","7","0","0","Dyp rød.","Preg av røde bær, dill og litt fat.","Litt utviklet frukt, streif av fat i ettersmaken.","Storfe","Lam og sau","Småvilt og fugl","Spania","Navarra","Øvrige","","Tempranillo 70%, Garnacha 15%, Cabernet Sauvignon 15%","Druene håndplukkes og vinifieres i ståltanker. 12 md. lagring i franske og amerikanske eikefat, 12-16 md. flaskemodning.","13.00","1.60","4.90","Drikkeklar nå, men kan også lagres","Bod. Julián Chivite","Vinordia AS","Vectura AS","Engangsflasker av glass","","http://www.vinmonopolet.no/vareutvalg/varedetaljer/sku-68801"
"","69901","Brolio Chianti Classico 2012","0.75","159.90","213.20","Rødvin","Basisutvalget","Butikkategori 5","8","8","8","0","0","Dyp rød.","Aroma preget av mørke og røde bær, streif av krydder og fat.","Ung og frisk, fint preg av røde og mørke bær over urter og fat, god lengde.","Storfe","Lam og sau","Ost","Italia","Toscana","Chianti Classico","2012","Sangiovese 94%, Canaiolo 6%","Tradisjonell produksjon. 10 - 12 md. på fat, 6 - 8 md. på flaske.","13.00","2.00","5.40","Drikkeklar nå, men kan også lagres","Barone Ricasoli","Vinarius AS","SKANLOG VSD AS","Engangsflasker av glass","","http://www.vinmonopolet.no/vareutvalg/varedetaljer/sku-69901"
"","69902","Brolio Chianti Classico 2012","0.38","99.50","265.30","Rødvin","Bestillingsutvalget","Uavhengig sortiment","8","0","8","0","0","","","","Storfe","Lam og sau","Ost","Italia","Toscana","Chianti Classico","2012","Sangiovese 94%, Canaiolo 6%","Tradisjonell 10 - 12 md på fat, 6 - 8 md. på flaske.","13.00","2.00","Ukjent","Drikkeklar nå, men kan også lagres","Barone Ricasoli","Vinarius AS","SKANLOG VSD AS","Engangsflasker av glass","","http://www.vinmonopolet.no/vareutvalg/varedetaljer/sku-69902"
"","69905","Brolio Chianti Classico 2010","1.50","369.00","246.00","Rødvin","Bestillingsutvalget","Uavhengig sortiment","8","0","8","0","0","","","","Storfe","Lam og sau","Ost","Italia","Toscana","Chianti Classico","2010","Sangiovese 94%, Canaiolo 6%","Tradisjonell10 - 12 md på fat, 6 - 8 md på flaske","13.00","2.00","Ukjent","Drikkeklar nå, men kan også lagres","Barone Ricasoli","Vinarius AS","SKANLOG VSD AS","Engangsflasker av glass","","http://www.vinmonopolet.no/vareutvalg/varedetaljer/sku-69905"
"","71501","Santepietre Bardolino Classico 2013","0.75","116.90","155.90","Rødvin","Bestillingsutvalget","Uavhengig sortiment","4","0","4","0","0","","","","Fisk","Lyst kjøtt","Grønnsaker","Italia","Veneto","Bardolino","2013","Corvina, Rondinella, Molinara","Temperaturkontrollert gjæring, vanlig vinifikasjonsteknikk. Min. 12 md fatlagring på eikefat, 6 md flaskemodning før salg.","12.00","Ukjent","5.50","Drikkeklar, ikke egnet for lagring","Lamberti","Einar A Engelstad AS","Cuveco AS","Engangsflasker av glass","","http://www.vinmonopolet.no/vareutvalg/varedetaljer/sku-71501"
"","74101","Dopff & Irion Cuvée René Dopff Gewurztraminer 2011/2013","0.75","150.00","200.00","Hvitvin","Basisutvalget","Butikkategori 4","8","7","0","0","2","Middels dyp grønngul.","Aromatisk. Fint preg av blomst og krydder.","Ung og rik, fint krydder- og blomsterpreg. (2011)","Fisk","Svinekjøtt","Grønnsaker","Frankrike","Alsace","Øvrige","2013","Gewürztraminer 100%","Gjæret temperaturkontrollert ved 18/23 C. Ingen fatlagring, kun tankoppbevart før tapping.","13.00","8.50","5.00","Drikkeklar nå, men kan også lagres","Dopff & Irion","Einar A Engelstad AS","Cuveco AS","Engangsflasker av glass","","http://www.vinmonopolet.no/vareutvalg/varedetaljer/sku-74101"
"","74102","Dopff & Irion Gewurztraminer 2011","0.38","90.00","240.00","Hvitvin","Bestillingsutvalget","Uavhengig sortiment","8","7","0","0","2","","","","Fisk","Svinekjøtt","Grønnsaker","Frankrike","Alsace","Øvrige","2011","Gewürztraminer 100%","Gjæret temperaturkontrollert ved 18/23 C. Ingen fatlagring, kun tankoppbevart før tapping.","13.50","8.50","5.00","Drikkeklar nå, men kan også lagres","Dopff & Irion","Einar A Engelstad AS","Cuveco AS","Engangsflasker av glass","","http://www.vinmonopolet.no/vareutvalg/varedetaljer/sku-74102"
"","74301","Bourgeois Sancerre Grande Réserve 2013","0.75","189.50","252.70","Hvitvin","Basisutvalget","Butikkategori 3","7","9","0","0","1","Middels dyp strågul.","Aroma med fint preg av sitrus, eple og grønne urter, innslag av mineraler.","Ung og frisk, preg av eple og sitrus, ettersmak med god lengde og preg av mineraler.","Fisk","Skalldyr","Ost","Frankrike","Loire","Sancerre","2013","Sauvignon Blanc 100%","Gjæret i temperaturkontrollerte ståltanker. Fatlagret i 5 md.","12.50","2.00","5.40","Drikkeklar nå, men kan også lagres","Dom. Henri Bourgeois","Just Brands AS","Vectura AS","Engangsflasker av glass","","http://www.vinmonopolet.no/vareutvalg/varedetaljer/sku-74301"
"","74302","Bourgeois Sancerre Grande Réserve 2013","0.38","99.90","266.40","Hvitvin","Bestillingsutvalget","Uavhengig sortiment","7","9","0","0","1","","","","Fisk","Skalldyr","Ost","Frankrike","Loire","Sancerre","2013","Sauvignon Blanc 100%","Gjæret i temperaturkontrollerte ståltanker. Vinen er fatlagret i 5 md.","12.50","2.00","5.40","Drikkeklar nå, men kan også lagres","Dom. Henri Bourgeois","Just Brands AS","Vectura AS","Engangsflasker av glass","","http://www.vinmonopolet.no/vareutvalg/varedetaljer/sku-74302"
"","74601","Les Mesnils Muscadet 2011","0.75","114.90","153.20","Hvitvin","Bestillingsutvalget","Uavhengig sortiment","5","8","0","0","1","Lys grønngul.","Preg av sitrus, hint av grønne urter.","Sitruspreget med streif av mneraler i ettersmaken.","Fisk","Skalldyr","Aperitiff/avec","Frankrike","Loire","Muscadet de Sèvre-et","2011","Muscadet (Melon de Bourgogne) 100%","Gjæret i eikefat. Opplysninger er ikke gitt av produsent/leverandør.","12.00","2.00","6.50","Drikkeklar, ikke egnet for lagring","Barré Frères","Strøm AS","Trebuchet AS","Engangsflasker av glass","","http://www.vinmonopolet.no/vareutvalg/varedetaljer/sku-74601"
"","77001","Königsmosel Riesling 2013","0.75","86.00","114.70","Hvitvin","Basisutvalget","Butikkategori 6","4","7","0","0","5","Lys grønngul.","Litt dempet aroma av blomster og sitrus.","Ren og umiddelbar, innslag av sitrus og blomst.","Fisk","","Aperitiff/avec","Tyskland","Mosel","Øvrige","2013","Riesling 100%","Gjæring i ståltank.","8.50","39.00","8.20","Drikkeklar, ikke egnet for lagring","Maas Nathan","Stenberg & Blom AS","Cuveco AS","Engangsflasker av glass","","http://www.vinmonopolet.no/vareutvalg/varedetaljer/sku-77001"
"","79101","Blue Nun 2013","0.75","84.90","113.20","Hvitvin","Basisutvalget","Butikkategori 3","4","7","0","0","4","Lys grønngul.","Aroma med noe preg av eple, blomst og sitrus.","Ren og umiddelbar, preg av blomst og sitrus.","Fisk","Skalldyr","Grønnsaker","Tyskland","Rheinhessen","Øvrige","2013","Müller-Thurgau, Riesling, Silvaner, Kerner, Gewürztraminer","Tradisjonell.","8.50","25.00","6.00","Drikkeklar, ikke egnet for lagring","H. Sichel Söhne","Strøm AS","Trebuchet AS","Engangsflasker av glass","","http://www.vinmonopolet.no/vareutvalg/varedetaljer/sku-79101"
"","79106","Blue Nun","2.00","209.90","105.00","Hvitvin","Basisutvalget","Butikkategori 1","4","7","0","0","5","Middels dyp strågul.","Dempet aroma av blomst og litt urter.","Litt utviklet. Streif av eple, blomst og urter.","Fisk","Skalldyr","Grønnsaker","Tyskland","Rheinhessen","Øvrige","","Müller-Thurgau, Riesling, Silvaner, Kerner, Gewürztraminer","Tradisjonell. Opplysninger er ikke gitt av produsent/leverandør.","8.50","25.00","6.00","Drikkeklar, ikke egnet for lagring","H. Sichel Söhne","Strøm AS","Trebuchet AS","BIB under 4 ltr","","http://www.vinmonopolet.no/vareutvalg/varedetaljer/sku-79106"
"","82601","Bigi Est! Est!! Est!!! 2011","0.75","120.90","161.20","Hvitvin","Bestillingsutvalget","Uavhengig sortiment","5","7","0","0","1","","","","Fisk","Skalldyr","Ost","Italia","Lazio","Øvrige","2011","Trebbiano 80%, Malvasia 10%","Tradisjonell gjæring i ståltank under temperaturkontroll.Opplysninger er ikke gitt av produsent/leverndør.","12.00","2.00","5.90","Drikkeklar, ikke egnet for lagring","Bigi","Haugen-Gruppen AS","Vectura AS","Engangsflasker av glass","","http://www.vinmonopolet.no/vareutvalg/varedetaljer/sku-82601"
"","83001","Duca del Frassino Soave Classico 2013","0.75","109.90","146.50","Hvitvin","Bestillingsutvalget","Uavhengig sortiment","6","7","0","0","1","Lys grønngul.","Preg av eple, blomst og litt urter.","Ung, ren og umiddelbar, preg av eple og sitrus.","Fisk","Skalldyr","Grønnsaker","Italia","Veneto","Soave","2013","Garganega","Tradisjonell. Opplysninger er ikke gitt av produsent/leverandør.","12.50","2.00","Ukjent","Drikkeklar, ikke egnet for lagring","Cant. di Soave","Vinuniq AS","Vectura AS","Engangsflasker av glass","","http://www.vinmonopolet.no/vareutvalg/varedetaljer/sku-83001"
"","83002","Duca del Frassino Soave Classico 2011","0.38","64.90","173.10","Hvitvin","Bestillingsutvalget","Uavhengig sortiment","6","7","0","0","1","","","","Fisk","Skalldyr","Grønnsaker","Italia","Veneto","Soave","2011","Garganega","TradisjonellOpplysninger er ikke gitt av produsent/leverandør.","12.50","2.00","Ukjent","Drikkeklar, ikke egnet for lagring","Cant. di Soave","Vinuniq AS","Vectura AS","Engangsflasker av glass","","http://www.vinmonopolet.no/vareutvalg/varedetaljer/sku-83002"
"","83301","Viña Sol 2013","0.75","105.90","141.20","Hvitvin","Basisutvalget","Butikkategori 4","5","8","0","0","2","Lys strågul.","Aroma med preg av eple, pære og litt svale urter.","Ren og umiddelbar, preg av eple og sitrus.","Fisk","Skalldyr","Lyst kjøtt","Spania","Catalonia","Penedès","2013","Parellada 100%","Temperaturkontrollert gjæring i ståltanker. Ingen fatlagring.","11.50","2.00","Ukjent","Drikkeklar, ikke egnet for lagring","Miguel Torres","Beverage Partners Norway AS","Vectura AS","Engangsflasker av glass","","http://www.vinmonopolet.no/vareutvalg/varedetaljer/sku-83301"
"","83501","Viña Esmeralda 2013/2014","0.75","104.90","139.90","Hvitvin","Basisutvalget","Butikkategori 5","5","8","0","0","3","Lys grønngul.","Aromatisk, preg av blomst, krydder og litt sitrus.","Ren, umiddelbar og fruktig, streif av krydder i ettersmaken. (2013)","Fisk","Skalldyr","Aperitiff/avec","Spania","Catalonia","Penedès","2014","Muscat of Alexandria 85%, Gewürztraminer 15%","Temperaturkontrollert gjæring i ståltanker. Ingen fatlagring.","11.00","8.60","6.30","Drikkeklar, ikke egnet for lagring","Miguel Torres","Beverage Partners Norway AS","Vectura AS","Engangsflasker av glass","","http://www.vinmonopolet.no/vareutvalg/varedetaljer/sku-83501"
"","83502","Viña Esmeralda 2013","0.38","69.90","186.40","Hvitvin","Bestillingsutvalget","Uavhengig sortiment","5","7","0","0","2","","","","Fisk","Skalldyr","Aperitiff/avec","Spania","Catalonia","Penedès","2013","Muscat of Alexandria 85%, Gewürztraminer 15%","Temperaturkontrollert gjæring i ståltanker.Ingen fatlagring.","11.50","8.60","6.30","Drikkeklar, ikke egnet for lagring","Miguel Torres","Beverage Partners Norway AS","Vectura AS","Engangsflasker av glass","","http://www.vinmonopolet.no/vareutvalg/varedetaljer/sku-83502"
"","83601","Pfaffenheim Pinot Blanc 2012","0.75","121.00","161.30","Hvitvin","Bestillingsutvalget","Uavhengig sortiment","5","6","0","0","1","","","","Fisk","Skalldyr","Lyst kjøtt","Frankrike","Alsace","Øvrige","2012","Pinot Blanc","TradisjonellIkke fat eller flaskelagring","12.50","4.40","5.20","Drikkeklar nå, men kan også lagres","La Cave des Vignerons de Pfaff","Pernod Ricard Norway AS","SKANLOG VSD AS","Engangsflasker av glass","","http://www.vinmonopolet.no/vareutvalg/varedetaljer/sku-83601"
"","83901","Casal Garcia Vinho Verde","0.75","89.90","119.90","Hvitvin","Basisutvalget","Butikkategori 3","4","8","0","0","2","Lys grønngul.","Fruktig aroma preget av pære og sitrus, hint av blomst.","Ung, frisk og sitruspreget stil.","Fisk","Skalldyr","Aperitiff/avec","Portugal","Minho","Vinho Verde","","Trajadura 25%, Loureira 25%, Azal 25%","Tradisjonell annengangsgjæring på flaske i 18 dager ved 18 C.","8.50","15.00","6.80","Drikkeklar, ikke egnet for lagring","Quinta da Aveleda","Strøm AS","Trebuchet AS","Engangsflasker av glass","","http://www.vinmonopolet.no/vareutvalg/varedetaljer/sku-83901"
"","83904","Casal Garcia Vinho Verde","0.19","29.00","155.10","Hvitvin","Bestillingsutvalget","Uavhengig sortiment","4","7","0","0","3","Lys strågul.","Frisk sitrus med hint av krydret fruktighet.","Lett, frisk, fruktig med fin lengde. Lett perlende.","Aperitiff/avec","Skalldyr","Fisk","Portugal","Minho","Vinho Verde","","Loureira 40%, Trajadura 30%, Arinto 20%, Azal 10%","","8.50","15.00","6.80","Drikkeklar, ikke egnet for lagring","Quinta da Aveleda","Strøm AS","Trebuchet AS","Engangsflasker av glass","","http://www.vinmonopolet.no/vareutvalg/varedetaljer/sku-83904"
"","85101","Mouton Cadet Reserve Sauternes 2010","0.75","255.50","340.70","Hvitvin","Bestillingsutvalget","Uavhengig sortiment","9","7","0","0","9","","","","Dessert, kake, frukt","","Ost","Frankrike","Bordeaux","Sauternes","2010","Sémillon 80%, Sauvignon Blanc 15%, Muscadelle 5%","Tradisjonell vinifikasjon. Druene plukkes for hånd, gjerne 2 til 3 ganger på samme vinstokk for å forsikre seg om at kvaliteten er b","13.50","97.00","5.80","Drikkeklar nå, men kan også lagres","Baron Philippe de Rothschild","Haugen-Gruppen AS","Vectura AS","Engangsflasker av glass","","http://www.vinmonopolet.no/vareutvalg/varedetaljer/sku-85101"
"","85102","Mouton Cadet Réserve Sauternes 2011","0.38","109.50","292.00","Hvitvin","Basisutvalget","Butikkategori 1","9","7","0","0","9","Middels dyp strågul.","Fokusert og kompleks aroma av aprikos, honning og krydder over fint integrert fat.","Ung og saftig, preg av tropiske frukter, honning og marsipan, streif av fat, lang.","Dessert, kake, frukt","Aperitiff/avec","Ost","Frankrike","Bordeaux","Sauternes","2011","Sémillon 80%, Sauvignon Blanc 15%, Muscadelle 5%","Håndplukkede druer, hver druestokk blir plukket 2-3 ganger avhengig av modenhetsgrad og kvalitet, tradisjonell vinifikasjonsteknikk.","13.00","83.90","6.10","Drikkeklar nå, men kan også lagres","Baron Philippe de Rothschild","Haugen-Gruppen AS","Vectura AS","Engangsflasker av glass","","http://www.vinmonopolet.no/vareutvalg/varedetaljer/sku-85102"
"","85501","Candida Frascati Superiore 2013","0.75","106.90","142.50","Hvitvin","Bestillingsutvalget","Uavhengig sortiment","5","7","0","0","1","Lys grønngul.","Ren. Tropefrukt og eple.","Preg av tropisk frukt, svakt bitter avslutning.","Fisk","Skalldyr","Aperitiff/avec","Italia","Lazio","Øvrige","2013","Malvasia 60%","Temperaturkontrollert gjæring ved 20° C.","12.50","2.00","5.00","Drikkeklar, ikke egnet for lagring","Fontana Candida","Einar A Engelstad AS","Cuveco AS","Engangsflasker av glass","","http://www.vinmonopolet.no/vareutvalg/varedetaljer/sku-85501"
"","85701","Mateus","0.75","94.90","126.50","Rosévin","Basisutvalget","Butikkategori 3","4","7","0","0","3","Lys rosarød.","Aroma med preg av røde bær og uter.","Ren og umiddelbar, preg av røde bær og urter, svakt perlende.","Fisk","Lyst kjøtt","Aperitiff/avec","Portugal","Øvrige","","","Baga 20%, Moreto 20%","Tradisjonell temperaturkontrollert gjæring.","10.00","Ukjent","6.10","Drikkeklar, ikke egnet for lagring","Sogrape","Best Cellars AS","Cuveco AS","Engangsflasker av glass","","http://www.vinmonopolet.no/vareutvalg/varedetaljer/sku-85701"
"","85702","Mateus","0.38","53.20","141.90","Rosévin","Bestillingsutvalget","Uavhengig sortiment","4","6","0","0","3","","","","Fisk","Lyst kjøtt","Aperitiff/avec","Portugal","Øvrige","Øvrige","","Baga 20%, Moreto 20%","Tradisjonell temperaturkontrollert gjæring. Opplysninger er ikke gitt av produsent/leverandør.","10.00","Ukjent","6.10","Drikkeklar, ikke egnet for lagring","","Best Cellars AS","Cuveco AS","Engangsflasker av glass","","http://www.vinmonopolet.no/vareutvalg/varedetaljer/sku-85702"
"","85901","Lancers Rosé","0.75","98.90","131.90","Rosévin","Bestillingsutvalget","Uavhengig sortiment","3","4","0","0","4","","","","Skalldyr","","Lyst kjøtt","Portugal","Øvrige","Øvrige","","Castelão 100%","Tradisjonell. Opplysninger er ikke gitt av produsent/leverandør.","10.00","32.00","Ukjent","Drikkeklar, ikke egnet for lagring","J.M. da Fonseca","Einar A Engelstad AS","Cuveco AS","Engangsflasker av glass","","http://www.vinmonopolet.no/vareutvalg/varedetaljer/sku-85901"
"","86101","Rosatello","0.75","99.90","133.20","Rosévin","Bestillingsutvalget","Uavhengig sortiment","5","6","0","0","2","","","","Fisk","Lyst kjøtt","Aperitiff/avec","Italia","Øvrige","Øvrige","","Sangiovese 100%","Gjæring ved lav temperatur. Ingen lagring på eikefat.","11.50","1.80","Ukjent","Drikkeklar, ikke egnet for lagring","Ruffino","Bibendum AS","Trebuchet AS","Engangsflasker av glass","","http://www.vinmonopolet.no/vareutvalg/varedetaljer/sku-86101"
"","86801","René Barbier Rosado 2009","0.75","99.90","133.20","Rosévin","Bestillingsutvalget","Uavhengig sortiment","5","7","0","0","1","","","","Fisk","Lyst kjøtt","Aperitiff/avec","Spania","Catalonia","Penedès","2009","Parellada, Xarel·lo, Macabeo, Ull de Llebre, Monastrell","Temperaturkontrollert gjæringIngen lagring på eikefat.","11.50","3.50","Ukjent","Drikkeklar, ikke egnet for lagring","René Barbier","Robert Prizelius AS","Vectura AS","Engangsflasker av glass","","http://www.vinmonopolet.no/vareutvalg/varedetaljer/sku-86801"
"","87901","Bollinger Spécial Cuvée, Brut","0.75","399.50","532.70","Musserende Vin","Basisutvalget","Butikkategori 2","8","10","0","0","2","Middels dyp strågul.","Litt utviklet, preg av bakt eple, vanilje og hvit sjokolade, hint av kjeks.","Rik og noe utviklet, preg av eple, sitrus og kjeks, ettersmak med god lengde.","Skalldyr","Lyst kjøtt","Aperitiff/avec","Frankrike","Champagne","Øvrige","","Pinot Noir 60%, Chardonnay 25%, Pinot Meunier 15%","Tradisjonell, bl.a. annengangs gjæring på flaske. Opplysninger er ikke gitt av produsent/leverandør.","12.00","11.20","4.60","Drikkeklar nå, men kan også lagres","Bollinger","Haugen-Gruppen AS","Vectura AS","Engangsflasker av glass","","http://www.vinmonopolet.no/vareutvalg/varedetaljer/sku-87901"
"","87902","Bollinger Spécial Cuvée, Brut","0.38","233.90","623.70","Musserende Vin","Bestillingsutvalget","Uavhengig sortiment","9","9","0","0","2","","","","Skalldyr","Lyst kjøtt","Aperitiff/avec","Frankrike","Champagne","Øvrige","","Pinot Noir 60%, Chardonnay 25%, Pinot Meunier 15%","Tradisjonell, bl.a. annengangs gjæring på flaske. Opplysninger er ikke gitt av produsent/leverandør.","12.00","11.20","4.60","Drikkeklar nå, men kan også lagres","Bollinger","Haugen-Gruppen AS","Vectura AS","Engangsflasker av glass","","http://www.vinmonopolet.no/vareutvalg/varedetaljer/sku-87902"
"","87905","Bollinger Spécial Cuvée, Brut","1.50","908.50","605.70","Musserende Vin","Bestillingsutvalget","Uavhengig sortiment","9","9","0","0","2","","","","Skalldyr","Lyst kjøtt","Aperitiff/avec","Frankrike","Champagne","Øvrige","","Pinot Noir 60%, Chardonnay 25%, Pinot Meunier 15%","Tradisjonell (bl.a. annengangsgjæring på flaske).Opplysninger er ikke gitt av produsent/leverandør.","12.00","11.20","4.60","Drikkeklar nå, men kan også lagres","Bollinger","Haugen-Gruppen AS","Vectura AS","Engangsflasker av glass","","http://www.vinmonopolet.no/vareutvalg/varedetaljer/sku-87905"
"","87907","Bollinger Spécial Cuvée, Brut","3.00","1817.00","605.70","Musserende Vin","Bestillingsutvalget","Uavhengig sortiment","9","9","0","0","2","","","","Skalldyr","Lyst kjøtt","Aperitiff/avec","Frankrike","Champagne","Øvrige","","Pinot Noir 60%, Chardonnay 25%, Pinot Meunier 15%","Tradisjonell (bl.a. annengangsgjæring på flaske).Opplysninger er ikke gitt av produsent/leverandør.","12.00","11.20","4.60","Drikkeklar nå, men kan også lagres","Bollinger","Haugen-Gruppen AS","Vectura AS","Engangsflasker av glass","","http://www.vinmonopolet.no/vareutvalg/varedetaljer/sku-87907"
"","88101","Veuve Clicquot, Brut","0.75","399.90","533.20","Musserende Vin","Basisutvalget","Butikkategori 4","7","9","0","0","3","Middels dyp strågul.","Litt utviklet aroma preget av bakt eple, pære, sitrus og litt smør.","Rent preg av sitrus, eple og pære, hint av kjeks og mineraler.","Fisk","Skalldyr","Aperitiff/avec","Frankrike","Champagne","Øvrige","","Pinot Noir 56%, Chardonnay 28%, Pinot Meunier 16%","Tradisjonell, bla. annengangsgjæring på flaske. 4 år flaskemodning før salg.","12.00","11.50","5.40","Drikkeklar nå, men kan også lagres","Veuve Clicquot Ponsardin","Moët Hennessy Norge AS","SKANLOG VSD AS","Engangsflasker av glass","","http://www.vinmonopolet.no/vareutvalg/varedetaljer/sku-88101"
"","88102","Veuve Clicquot, Brut","0.38","236.90","631.70","Musserende Vin","Bestillingsutvalget","Uavhengig sortiment","6","8","0","0","2","","","","Fisk","Skalldyr","Aperitiff/avec","Frankrike","Champagne","Øvrige","","Pinot Noir 56%, Chardonnay 28%, Pinot Meunier 16%","Tradisjonell (bl.a. annengangsgjæring på flaske).4 år flaskemodning før salg.","12.00","11.50","5.40","Drikkeklar nå, men kan også lagres","Veuve Clicquot Ponsardin","Moët Hennessy Norge AS","SKANLOG VSD AS","Engangsflasker av glass","","http://www.vinmonopolet.no/vareutvalg/varedetaljer/sku-88102"
"","88105","Veuve Clicquot Brut","1.50","884.90","589.90","Musserende Vin","Bestillingsutvalget","Uavhengig sortiment","6","8","0","0","2","","","","Fisk","Skalldyr","Aperitiff/avec","Frankrike","Champagne","Øvrige","","Pinot Noir 56%, Chardonnay 28%, Pinot Meunier 16%","Tradisjonell (bl.a. annengangsgjæring på flaske).4 år flaskemodning før salg.","12.00","11.50","5.40","Drikkeklar nå, men kan også lagres","Veuve Clicquot Ponsardin","Moët Hennessy Norge AS","SKANLOG VSD AS","Engangsflasker av glass","","http://www.vinmonopolet.no/vareutvalg/varedetaljer/sku-88105"
"","88107","Veuve Clicquot, Brut","3.00","2799.90","933.30","Musserende Vin","Bestillingsutvalget","Uavhengig sortiment","6","8","0","0","2","","","","Fisk","Skalldyr","Aperitiff/avec","Frankrike","Champagne","Øvrige","","Pinot Noir 56%, Chardonnay 28%, Pinot Meunier 16%","Tradisjonell (bl.a. annengangsgjæring på flaske).4 år flaskemodning før salg.","12.00","11.50","5.40","Drikkeklar nå, men kan også lagres","Veuve Clicquot Ponsardin","Moët Hennessy Norge AS","SKANLOG VSD AS","Engangsflasker av glass","","http://www.vinmonopolet.no/vareutvalg/varedetaljer/sku-88107"
"","88201","Veuve Clicquot, Sec","0.75","399.90","533.20","Musserende Vin","Basisutvalget","Butikkategori 4","6","8","0","0","4","Middels dyp strågul.","Aroma med preg av eple, sitrus og litt kjeks.","Preg av eple, sitrus og kjeks, antydning til mineraler.","Fisk","Skalldyr","Aperitiff/avec","Frankrike","Champagne","Øvrige","","Pinot Noir 84%, Chardonnay 16%","Tradisjonell, bl.a. annengangsgjæring på flaske. 4 år flaskemodning før salg.","12.00","26.60","5.30","Drikkeklar nå, men kan også lagres","Veuve Clicquot Ponsardin","Moët Hennessy Norge AS","SKANLOG VSD AS","Engangsflasker av glass","","http://www.vinmonopolet.no/vareutvalg/varedetaljer/sku-88201"
"","88202","Veuve Clicquot, Sec","0.38","236.90","631.70","Musserende Vin","Bestillingsutvalget","Uavhengig sortiment","7","8","0","0","4","","","","Fisk","Skalldyr","Aperitiff/avec","Frankrike","Champagne","Øvrige","","Pinot Noir 84%, Chardonnay 16%","Tradisjonell (bl.a. annengangsgjæring på flaske).4 år flaskemodning før salg.","12.00","26.60","5.30","Drikkeklar nå, men kan også lagres","Veuve Clicquot Ponsardin","Moët Hennessy Norge AS","SKANLOG VSD AS","Engangsflasker av glass","","http://www.vinmonopolet.no/vareutvalg/varedetaljer/sku-88202"
"","88801","Trimbach Riesling 2012","0.75","154.90","206.50","Hvitvin","Basisutvalget","Butikkategori 4","7","9","0","0","1","Middels dyp strågul.","Aroma preget av eple, sitrus og blomst, hint av urter og mineraler.","Ørlite utviklet, preg av sitrus, eple og litt mineraler.","Fisk","Skalldyr","Lyst kjøtt","Frankrike","Alsace","Øvrige","2012","Riesling 100%","Vinifikasjon i rustfrie ståltanker. Gjæring rundt 21 C.","12.50","4.00","4.50","Drikkeklar nå, men kan også lagres","F.E. Trimbach","Stenberg & Blom AS","Cuveco AS","Engangsflasker av glass","Skrukapsel","http://www.vinmonopolet.no/vareutvalg/varedetaljer/sku-88801"
"","88802","Trimbach Riesling 2012","0.38","92.00","245.30","Hvitvin","Bestillingsutvalget","Uavhengig sortiment","7","10","0","0","1","","","","Fisk","Skalldyr","Lyst kjøtt","Frankrike","Alsace","Øvrige","2012","Riesling 100%","Vinifikasjon i rustfrie ståltanker. Gjæring rundt 21 C. Ingen fatlagring. 2 år flaskemodning før salg.","12.50","4.00","4.50","Drikkeklar nå, men kan også lagres","F.E. Trimbach","Stenberg & Blom AS","Cuveco AS","Engangsflasker av glass","","http://www.vinmonopolet.no/vareutvalg/varedetaljer/sku-88802"
"","89101","Lanson Black Label, Brut","0.75","369.90","493.20","Musserende Vin","Basisutvalget","Butikkategori 6","7","10","0","0","2","Middels dyp strågul.","Litt utviklet aroma med preg av smør, lett melent eple og kjeks.","Frisk og litt utviklet, preg av eple, sitrus og smør, antydning til kjeks i ettersmaken.","Fisk","Skalldyr","Aperitiff/avec","Frankrike","Champagne","Øvrige","","Pinot Noir 50%, Chardonnay 35%, Pinot Meunier 15%","Tradisjonell. Minimum 3 år på flaske.","12.50","11.50","Ukjent","Drikkeklar nå, men kan også lagres","Lanson Père et Fils","Stenberg & Blom AS","Cuveco AS","Engangsflasker av glass","","http://www.vinmonopolet.no/vareutvalg/varedetaljer/sku-89101"
"","89102","Lanson Black Label, Brut","0.38","220.00","586.70","Musserende Vin","Bestillingsutvalget","Uavhengig sortiment","7","8","0","0","2","","","","Fisk","Skalldyr","Aperitiff/avec","Frankrike","Champagne","Øvrige","","Pinot Noir 50%, Chardonnay 35%, Pinot Meunier 15%","Tradisjonell.Minimum 3 år på flaske","12.50","11.50","Ukjent","Drikkeklar nå, men kan også lagres","Lanson Père et Fils","Stenberg & Blom AS","Cuveco AS","Engangsflasker av glass","","http://www.vinmonopolet.no/vareutvalg/varedetaljer/sku-89102"
"","89105","Lanson Black Label, Brut","1.50","779.90","519.90","Musserende Vin","Bestillingsutvalget","Uavhengig sortiment","7","8","0","0","2","","","","Fisk","Skalldyr","Aperitiff/avec","Frankrike","Champagne","Øvrige","","Pinot Noir 50%, Chardonnay 35%, Pinot Meunier 15%","Tradisjonell.Minimum 3 år på flaske","12.50","11.50","Ukjent","Drikkeklar nå, men kan også lagres","Lanson Père et Fils","Stenberg & Blom AS","Cuveco AS","Engangsflasker av glass","","http://www.vinmonopolet.no/vareutvalg/varedetaljer/sku-89105"
"","89501","Moët & Chandon Impérial Brut","0.75","389.90","519.90","Musserende Vin","Basisutvalget","Butikkategori 1","7","9","0","0","2","Middels dyp grønngul.","Aroma preget av eple, sitrus og litt brøddeig, antydning til gummi.","Preg av eple og sitrus, hint av mineraler og gummi, litt undermoden stil.","Fisk","Skalldyr","Aperitiff/avec","Frankrike","Champagne","Øvrige","","Chardonnay, Pinot Noir, Pinot Meunier","Tradisjonell, annengangs gjæring på flaske. Opplysninger er ikke gitt av","12.00","9.00","Ukjent","Drikkeklar, ikke egnet for lagring","Moët & Chandon","Moët Hennessy Norge AS","SKANLOG VSD AS","Engangsflasker av glass","","http://www.vinmonopolet.no/vareutvalg/varedetaljer/sku-89501"
"","89502","Moët & Chandon Impérial Brut","0.38","219.90","586.40","Musserende Vin","Basisutvalget","Butikkategori 2","7","9","0","0","2","Middels dyp grønngul.","Aroma preget av eple, sitrus og litt brøddeig, antydning til gummi.","Preg av eple og sitrus, hint av mineraler og gummi, litt undermoden stil.","Fisk","Skalldyr","Aperitiff/avec","Frankrike","Champagne","Øvrige","","Chardonnay, Pinot Noir, Pinot Meunier","Tradisjonell, annengangs gjæring på flaske.Opplysninger er ikke gitt av","12.00","9.00","Ukjent","Drikkeklar, ikke egnet for lagring","Moët & Chandon","Moët Hennessy Norge AS","SKANLOG VSD AS","Engangsflasker av glass","","http://www.vinmonopolet.no/vareutvalg/varedetaljer/sku-89502"
"","89504","Moët & Chandon Impérial Brut","0.20","123.90","619.50","Musserende Vin","Basisutvalget","Butikkategori 4","7","9","0","0","2","Middels dyp grønngul.","Aroma preget av eple, sitrus og litt brøddeig, antydning til gummi.","Preg av eple og sitrus, hint av mineraler og gummi, litt undermoden stil.","Fisk","Skalldyr","Aperitiff/avec","Frankrike","Champagne","Øvrige","","Chardonnay, Pinot Noir, Pinot Meunier","Tradisjonell (annengangs gjæring på flaske).","12.00","12.90","Ukjent","Drikkeklar, ikke egnet for lagring","Moët & Chandon","Moët Hennessy Norge AS","SKANLOG VSD AS","Engangsflasker av glass","","http://www.vinmonopolet.no/vareutvalg/varedetaljer/sku-89504"
"","89505","Moët & Chandon Impérial Brut","1.50","849.90","566.60","Musserende Vin","Bestillingsutvalget","Uavhengig sortiment","5","8","0","0","2","","","","Fisk","Skalldyr","Aperitiff/avec","Frankrike","Champagne","Øvrige","","Chardonnay, Pinot Noir, Pinot Meunier","Tradisjonell (annengangs gjæring på flaske).Opplysninger er ikke gitt av produsent/leverandør.","12.00","9.00","Ukjent","Drikkeklar, ikke egnet for lagring","Moët & Chandon","Moët Hennessy Norge AS","SKANLOG VSD AS","Engangsflasker av glass","","http://www.vinmonopolet.no/vareutvalg/varedetaljer/sku-89505"
"","89507","Moët & Chandon Impérial Brut","3.00","2999.90","1000.00","Musserende Vin","Bestillingsutvalget","Uavhengig sortiment","5","8","0","0","2","","","","Fisk","Skalldyr","Aperitiff/avec","Frankrike","Champagne","Øvrige","","Chardonnay, Pinot Noir, Pinot Meunier","Tradisjonell (annengangs gjæring på flaske).Opplysninger er ikke gitt av produsent/leverandør.","12.00","12.90","Ukjent","Drikkeklar, ikke egnet for lagring","Moët & Chandon","Moët Hennessy Norge AS","SKANLOG VSD AS","Engangsflasker av glass","","http://www.vinmonopolet.no/vareutvalg/varedetaljer/sku-89507"
"","90006","Promenade Blanc","3.00","319.90","106.60","Hvitvin","Basisutvalget","Butikkategori 6","5","7","0","0","1","Lys strågul.","Litt utviklet. Preg av urter og eple.","Ren og umiddelbar, preg av urter og eple.","Fisk","Skalldyr","Aperitiff/avec","Frankrike","Øvrige","Øvrige","","Sauvignon Blanc 100%","Tempraturkontrollert gjæring. Ingen fat- og/eller flaskelagring.","11.50","2.00","6.00","Drikkeklar, ikke egnet for lagring","Le Cep Français","Vinordia AS","Vectura AS","BIB under 4 ltr","","http://www.vinmonopolet.no/vareutvalg/varedetaljer/sku-90006"